,fg,3p,ft,reb,ast,stl,blk,tov,target_5yrs,total_point,efficiency
0,34.7,25.0,69.9,4.1,1.9,0.4,0.4,1.3,0,266.40000000000003,0.27007299270072993
1,29.6,23.5,76.5,2.4,3.7,1.1,0.5,1.6,0,252.0,0.2676579925650558
2,42.2,24.4,67.0,2.2,1.0,0.5,0.3,1.0,0,384.8,0.33986928104575165
3,42.6,22.6,68.9,1.9,0.8,0.6,0.1,1.0,1,330.6,0.4913793103448276
4,52.4,0.0,67.4,2.5,0.3,0.3,0.4,0.8,1,216.0,0.391304347826087
5,42.3,32.5,73.2,0.8,1.8,0.4,0.0,0.7,0,277.5,0.32456140350877194
6,43.5,50.0,81.1,2.0,0.6,0.2,0.1,0.7,1,409.2,0.6055045871559632
7,41.5,30.0,87.5,1.7,0.2,0.2,0.1,0.7,1,273.6,0.5533980582524272
8,39.2,23.3,71.4,0.8,2.3,0.3,0.0,1.1,0,156.0,0.2424242424242424
9,38.3,21.4,67.8,1.1,0.3,0.2,0.0,0.7,0,155.4,0.43529411764705883
10,36.5,33.3,81.8,0.9,0.7,0.1,0.1,0.3,0,80.5,0.3333333333333333
11,39.8,13.6,77.6,1.2,0.4,0.3,0.1,0.6,1,144.0,0.5373134328358209
12,47.2,0.0,28.6,2.0,0.2,0.2,0.6,0.3,1,35.1,0.196969696969697
13,32.3,30.1,86.1,2.0,0.5,0.5,0.3,0.5,0,251.99999999999997,0.3660130718954248
14,53.7,0.0,50.0,1.4,0.2,0.2,0.4,0.6,1,105.6,0.37499999999999994
15,51.4,14.3,68.4,0.4,1.4,0.3,0.0,0.8,1,104.0,0.42622950819672134
16,37.6,0.0,64.2,1.2,0.2,0.3,0.2,0.5,0,102.9,0.39622641509433965
17,34.8,21.4,73.1,0.3,1.0,0.3,0.0,0.4,0,69.7,0.4047619047619047
18,49.0,22.7,82.9,11.0,3.6,1.0,0.6,1.9,0,1574.3999999999999,0.5161290322580645
19,49.0,22.7,82.9,11.0,3.6,1.0,0.6,1.9,1,1574.3999999999999,0.5161290322580645
20,52.5,11.1,65.4,8.0,2.4,1.1,0.8,2.2,1,1144.0,0.45541401273885357
21,48.9,16.7,66.6,5.1,2.5,1.5,0.3,2.2,1,1090.6000000000001,0.4360655737704918
22,37.5,13.3,73.0,2.9,2.2,2.0,0.2,2.0,1,805.6,0.3498349834983498
23,45.4,32.0,74.8,3.1,4.6,1.0,0.3,2.5,0,732.0,0.4054054054054054
24,53.3,0.0,62.5,5.2,0.4,0.5,0.5,1.0,0,201.6,0.4144736842105263
25,51.4,0.0,80.7,5.9,1.6,0.7,0.6,1.5,1,790.4,0.35494880546075086
26,45.1,43.4,83.6,1.9,3.7,0.6,0.0,1.8,0,483.6,0.3780487804878049
27,41.5,0.0,73.6,5.1,1.7,0.8,0.5,1.3,1,668.8000000000001,0.39111111111111113
28,44.7,39.0,74.1,3.0,2.2,1.2,0.3,1.2,0,787.8,0.45909090909090905
29,49.7,0.0,66.7,5.4,0.8,0.5,0.5,1.5,1,428.40000000000003,0.4057971014492754
30,55.2,0.0,57.2,6.4,0.5,0.4,1.2,0.8,1,396.8,0.3054187192118227
31,52.9,0.0,51.5,6.1,0.7,0.4,1.5,1.4,1,572.0,0.5123152709359606
32,41.9,4.3,80.6,2.0,3.9,1.0,0.3,1.7,1,606.8000000000001,0.37755102040816324
33,52.8,0.0,66.9,5.7,0.7,0.8,1.1,1.8,1,436.79999999999995,0.4814814814814815
34,30.2,18.5,91.2,1.4,3.1,0.6,0.2,1.0,0,146.2,0.3208955223880597
35,40.0,35.7,83.3,2.0,1.1,0.8,0.1,1.1,1,357.0,0.45698924731182794
36,37.0,14.5,74.1,1.7,3.8,0.7,0.1,1.2,1,451.0,0.2989130434782609
37,39.0,23.1,74.5,2.0,3.2,1.1,0.1,1.5,1,448.0,0.4117647058823529
38,52.9,0.0,69.1,4.2,0.4,0.6,0.8,1.1,1,592.0,0.43786982248520717
39,46.7,21.4,81.0,3.8,0.4,0.3,0.6,0.9,1,431.2,0.3708609271523179
40,41.7,37.5,76.1,1.5,1.5,0.7,0.2,0.8,0,225.49999999999997,0.2751677852348993
41,40.7,9.5,80.4,1.7,2.1,0.9,0.0,1.3,0,244.79999999999998,0.34459459459459457
42,39.9,27.0,87.5,1.5,2.8,0.9,0.0,1.4,0,255.0,0.3448275862068966
43,40.2,36.7,76.9,2.1,0.8,0.3,0.2,0.7,0,198.9,0.29545454545454547
44,42.3,0.0,80.3,1.3,1.9,0.6,0.1,1.3,1,331.2,0.3709677419354838
45,45.2,100.0,82.1,2.7,0.6,0.5,0.3,0.6,1,248.4,0.30508474576271183
46,56.8,0.0,66.1,3.4,0.3,0.6,0.7,0.8,1,307.8,0.504424778761062
47,30.3,36.6,66.7,0.7,1.5,0.7,0.1,1.3,0,98.39999999999999,0.38679245283018865
48,41.5,19.2,75.4,1.1,1.8,0.6,0.1,1.0,1,204.99999999999997,0.4270833333333333
49,45.6,0.0,65.5,1.2,1.1,0.6,0.2,0.8,1,190.4,0.3541666666666667
50,38.8,29.2,75.6,0.7,1.4,0.4,0.1,1.0,0,247.9,0.41111111111111115
51,38.0,14.3,65.9,0.8,1.6,0.7,0.1,1.0,1,125.0,0.2873563218390805
52,47.5,0.0,75.0,1.5,0.3,0.2,0.2,0.6,1,121.50000000000001,0.31764705882352945
53,36.8,22.2,82.6,0.9,0.7,0.3,0.1,0.6,0,129.2,0.41463414634146345
54,43.9,0.0,52.5,1.9,0.3,0.1,0.1,0.8,0,117.6,0.34146341463414637
55,45.6,18.8,74.4,1.3,0.6,0.2,0.1,0.5,0,172.8,0.39024390243902446
56,39.2,20.0,53.6,1.2,0.6,0.4,0.2,0.8,0,140.0,0.547945205479452
57,44.3,18.2,81.0,1.1,0.3,0.2,0.1,0.5,0,103.6,0.3835616438356164
58,43.1,27.0,52.6,0.8,0.5,0.2,0.0,0.3,0,119.60000000000001,0.3880597014925373
59,38.4,43.3,83.3,0.8,0.3,0.1,0.0,0.3,0,112.2,0.34375
60,38.0,0.0,75.6,1.2,0.3,0.1,0.1,0.5,0,88.0,0.4150943396226416
61,37.8,0.0,37.5,1.0,0.4,0.3,0.2,0.3,0,30.400000000000002,0.33333333333333337
62,35.3,11.8,66.7,0.6,0.6,0.1,0.0,0.5,0,46.800000000000004,0.3023255813953489
63,42.2,27.3,73.6,8.8,4.0,1.4,1.1,2.9,1,1422.0,0.47745358090185674
64,30.4,20.4,74.5,1.2,0.5,0.7,0.1,0.7,0,187.0,0.2595419847328244
65,46.7,34.2,73.1,10.3,2.2,1.0,1.3,2.9,1,1361.6,0.5227272727272726
66,40.6,36.5,77.0,2.8,4.0,1.3,0.2,2.5,0,915.2,0.42686567164179107
67,42.5,37.4,75.0,2.9,1.6,0.8,0.3,1.6,1,1287.3999999999999,0.5508771929824561
68,45.0,7.7,71.1,3.0,6.4,2.0,0.2,2.2,1,590.4,0.26277372262773724
69,51.2,0.0,72.2,7.9,0.3,0.6,1.5,0.9,1,575.1,0.27413127413127414
70,44.1,13.3,78.2,3.4,1.4,0.9,0.3,1.9,1,912.0,0.4724409448818898
71,46.4,20.6,87.3,2.2,4.2,1.0,0.2,1.7,0,713.4,0.36708860759493667
72,46.4,20.6,87.3,2.2,4.2,1.0,0.2,1.7,1,713.4,0.36708860759493667
73,32.7,21.4,64.9,0.8,1.7,0.5,0.1,0.6,0,93.1,0.20652173913043478
74,32.7,21.4,64.9,0.8,1.7,0.5,0.1,0.6,1,93.1,0.20652173913043478
75,45.0,14.3,83.5,3.2,3.7,1.3,0.5,2.0,1,902.0,0.4641350210970464
76,50.8,0.0,63.6,5.1,0.9,0.6,1.9,1.3,1,524.4,0.3053097345132743
77,41.3,24.0,85.7,1.8,3.1,0.8,0.1,1.6,1,944.6999999999999,0.6266666666666667
78,43.9,9.7,70.7,2.1,2.5,0.4,0.2,1.6,0,616.0,0.4271844660194175
79,42.8,29.9,81.6,3.5,1.8,0.5,0.3,1.5,1,696.6,0.4195121951219512
80,49.7,40.0,84.3,3.3,1.4,0.6,0.3,0.9,1,237.6,0.36923076923076925
81,41.7,0.0,55.0,5.6,0.4,0.6,1.2,0.9,0,307.4,0.27461139896373055
82,41.9,25.0,79.6,1.7,1.3,0.3,0.1,1.0,0,504.0,0.42603550295857995
83,41.2,17.6,74.7,1.9,2.8,0.8,0.1,1.2,1,401.8,0.296969696969697
84,38.0,29.2,77.3,1.9,1.2,0.5,0.1,1.2,0,427.8,0.425925925925926
85,42.5,0.0,67.2,4.3,0.4,0.2,0.3,1.4,0,483.6,0.3850931677018633
86,48.7,0.0,66.2,4.8,0.5,0.3,0.3,0.7,1,401.5,0.3416149068322981
87,49.2,0.0,63.2,5.2,0.3,0.5,0.4,1.0,1,392.2,0.3291925465838509
88,42.1,29.8,63.0,2.9,0.8,0.6,0.3,0.9,0,509.2,0.43506493506493504
89,46.5,0.0,71.2,4.2,0.6,0.6,0.5,0.8,1,313.5,0.3825503355704698
90,44.6,18.2,58.8,1.5,2.8,0.7,0.2,1.6,0,263.2,0.39160839160839156
91,44.1,40.0,72.2,2.1,0.9,0.4,0.1,1.0,1,299.7,0.5955882352941176
92,46.5,0.0,64.4,2.7,0.6,0.2,0.2,1.0,0,266.59999999999997,0.3233082706766917
93,38.4,16.1,80.5,1.0,1.3,0.5,0.1,0.9,0,241.79999999999998,0.312
94,43.8,11.8,68.4,2.0,0.8,0.6,0.2,0.8,0,351.90000000000003,0.5798319327731093
95,41.3,0.0,55.6,1.4,1.0,0.4,0.0,0.8,1,140.4,0.33050847457627114
96,41.6,25.0,65.2,1.9,0.7,0.5,0.2,0.3,1,229.4,0.26724137931034486
97,48.7,16.7,66.3,2.4,0.6,0.3,0.1,1.1,1,516.5999999999999,0.7068965517241379
98,34.8,27.3,64.3,2.2,0.8,0.5,0.2,0.3,0,72.60000000000001,0.20370370370370372
99,46.0,0.0,68.9,2.8,0.7,0.2,0.4,0.8,1,237.60000000000002,0.3928571428571429
100,40.8,27.8,73.2,1.1,1.2,0.5,0.1,0.7,0,277.4,0.34545454545454546
101,40.4,0.0,66.7,3.0,0.2,0.3,0.3,0.7,0,54.0,0.3302752293577982
102,44.1,0.0,70.2,1.1,2.1,0.4,0.2,1.1,1,236.8,0.3394495412844037
103,41.5,0.0,80.0,0.8,1.9,0.5,0.1,0.8,0,190.4,0.32075471698113206
104,39.1,0.0,69.6,1.2,1.0,0.3,0.1,0.8,0,204.8,0.30188679245283023
105,41.8,33.3,90.5,0.8,1.9,0.5,0.0,0.6,1,210.8,0.3069306930693069
106,40.3,37.5,75.8,1.4,0.7,0.3,0.0,0.5,0,136.29999999999998,0.29
107,44.7,50.0,66.1,2.1,0.3,0.2,0.1,0.8,1,182.0,0.3571428571428571
108,40.0,40.0,77.8,1.0,0.4,0.3,0.2,0.5,0,236.8,0.38947368421052636
109,36.7,0.0,44.4,1.9,0.5,0.1,0.1,0.7,0,98.6,0.2685185185185185
110,43.9,0.0,55.0,2.9,0.4,0.1,0.7,0.8,1,159.6,0.39999999999999997
111,45.8,15.8,84.8,1.3,0.7,0.2,0.0,1.0,1,225.0,0.48387096774193544
112,45.5,0.0,65.3,1.8,0.2,0.2,0.7,0.3,1,145.6,0.3835616438356164
113,52.0,0.0,68.0,1.7,0.4,0.1,0.4,0.6,0,217.5,0.41428571428571426
114,42.0,24.0,48.0,1.7,0.5,0.4,0.3,0.3,1,85.80000000000001,0.3235294117647059
115,51.0,50.0,71.4,1.9,0.3,0.2,0.3,0.5,1,127.5,0.3787878787878788
116,37.3,0.0,54.5,1.5,0.1,0.1,0.1,0.1,0,67.60000000000001,0.20967741935483872
117,51.3,0.0,90.5,1.2,0.2,0.1,0.1,0.1,1,58.5,0.25862068965517243
118,53.1,0.0,73.2,12.0,2.0,1.7,3.9,3.1,1,1992.6000000000001,0.6639344262295082
119,35.3,25.8,55.2,1.4,0.4,0.3,0.1,0.2,0,105.39999999999999,0.31775700934579443
120,47.1,27.4,76.4,3.9,8.7,2.1,0.1,3.3,0,1161.3,0.43620178041543023
121,47.1,27.4,76.4,3.9,8.7,2.1,0.1,3.3,1,1161.3,0.43620178041543023
122,44.0,0.0,66.4,8.4,1.2,1.1,0.7,2.1,1,910.1999999999999,0.33035714285714285
123,46.1,27.7,58.9,2.6,6.8,1.6,0.3,1.7,1,934.8000000000001,0.3619047619047619
124,49.4,16.1,68.7,2.5,7.6,1.8,0.1,3.0,1,1158.3,0.46885245901639344
125,44.6,0.0,76.8,5.8,1.1,0.8,0.7,1.2,1,1016.0,0.4205298013245033
126,43.9,24.6,73.4,4.6,1.8,0.9,0.3,1.5,1,1047.2,0.4533333333333333
127,43.9,24.6,73.4,4.6,1.8,0.9,0.3,1.5,0,1047.2,0.4533333333333333
128,37.1,22.5,77.8,2.8,4.2,1.6,0.3,2.2,1,505.0,0.3992094861660079
129,48.1,11.1,86.6,3.7,1.9,0.6,0.2,1.4,1,810.0,0.398406374501992
130,50.7,30.0,71.9,3.1,1.8,0.9,0.4,1.9,1,729.8000000000001,0.3869565217391305
131,44.9,13.3,57.4,2.9,0.3,0.2,0.4,0.4,0,185.0,0.34905660377358494
132,49.4,5.9,70.5,3.9,1.5,0.8,0.4,1.7,1,931.5,0.5227272727272727
133,50.4,0.0,72.7,4.7,1.1,0.5,0.7,1.4,1,729.8000000000001,0.4101382488479263
134,40.5,39.9,80.9,1.6,2.5,0.7,0.0,1.5,1,785.6999999999999,0.48258706467661683
135,41.1,13.3,70.5,2.3,0.6,0.6,0.2,0.7,0,434.7,0.3214285714285714
136,39.7,27.3,55.0,3.8,0.9,0.7,0.7,1.6,1,746.1999999999999,0.4764397905759162
137,47.9,0.0,66.7,3.4,1.0,0.4,0.2,1.1,0,335.5,0.33888888888888885
138,47.0,0.0,76.2,3.1,0.7,0.4,0.3,0.9,1,547.5,0.40782122905027934
139,49.7,0.0,72.2,5.0,0.6,0.3,0.2,0.7,0,626.4,0.5117647058823529
140,48.6,0.0,74.7,1.9,1.5,0.7,0.2,1.2,1,632.0,0.47619047619047616
141,39.5,38.5,69.2,3.4,0.2,0.2,0.4,0.4,0,82.5,0.3173076923076923
142,48.5,50.0,88.5,1.3,2.5,0.6,0.1,1.0,1,453.59999999999997,0.3522012578616352
143,46.6,0.0,62.1,3.6,0.4,0.4,0.4,1.1,1,296.1,0.33571428571428574
144,47.9,16.7,73.6,4.3,0.3,0.6,0.9,1.3,1,526.5,0.47101449275362317
145,43.7,0.0,64.3,2.8,0.8,0.2,0.2,0.8,1,323.3,0.40151515151515155
146,40.6,14.3,68.0,1.2,1.9,0.3,0.1,0.8,0,197.79999999999998,0.3538461538461538
147,36.9,7.1,56.2,3.1,0.4,0.4,0.1,0.8,1,236.5,0.3333333333333333
148,54.7,25.0,67.1,2.1,0.6,0.6,0.2,0.5,0,241.89999999999998,0.33064516129032256
149,45.9,0.0,77.7,2.1,0.7,0.5,0.1,1.2,1,389.40000000000003,0.5221238938053098
150,40.5,26.4,70.3,6.2,6.3,1.9,0.6,3.5,0,1169.0,0.4840579710144927
151,42.9,28.6,66.0,0.7,2.3,0.3,0.0,1.1,0,269.5,0.3181818181818182
152,29.8,23.3,69.4,0.9,1.8,0.5,0.1,1.4,0,144.29999999999998,0.35779816513761464
153,38.4,18.8,66.1,0.9,2.5,0.5,0.0,1.1,1,207.70000000000002,0.3069306930693069
154,43.0,0.0,50.0,2.9,0.5,0.2,0.3,0.4,0,79.8,0.19387755102040813
155,47.3,35.7,67.0,1.5,0.9,0.6,0.0,0.8,0,260.0,0.5306122448979592
156,47.6,7.1,82.8,1.5,1.2,0.1,0.0,0.8,0,325.0,0.5263157894736842
157,47.6,7.1,82.8,1.5,1.2,0.1,0.0,0.8,1,325.0,0.5263157894736842
158,54.2,0.0,48.5,5.9,0.8,0.7,0.6,1.3,0,565.8000000000001,0.3254716981132076
159,54.2,0.0,48.5,5.9,0.8,0.7,0.6,1.3,1,565.8000000000001,0.3254716981132076
160,31.3,32.5,78.9,1.0,1.0,0.4,0.1,0.8,1,118.80000000000001,0.2872340425531915
161,47.5,0.0,61.5,1.4,0.6,0.5,0.2,0.7,0,154.79999999999998,0.4886363636363636
162,44.4,0.0,69.7,1.2,1.7,0.6,0.1,0.6,1,174.0,0.33333333333333337
163,44.4,0.0,69.7,1.2,1.7,0.6,0.1,0.6,1,174.0,0.33333333333333337
164,44.4,0.0,69.7,1.2,1.7,0.6,0.1,0.6,0,174.0,0.33333333333333337
165,49.5,0.0,72.5,6.5,1.5,1.0,1.3,2.1,1,1157.3,0.5361842105263158
166,49.5,0.0,72.5,6.5,1.5,1.0,1.3,2.1,1,1157.3,0.5361842105263158
167,49.5,0.0,72.5,6.5,1.5,1.0,1.3,2.1,0,1157.3,0.5361842105263158
168,39.2,31.9,54.5,0.8,0.6,0.3,0.2,0.8,1,119.0,0.4069767441860465
169,39.2,31.9,54.5,0.8,0.6,0.3,0.2,0.8,1,119.0,0.4069767441860465
170,39.2,31.9,54.5,0.8,0.6,0.3,0.2,0.8,0,119.0,0.4069767441860465
171,49.4,0.0,60.9,2.4,0.4,0.2,0.1,0.9,0,202.5,0.5421686746987951
172,38.0,33.0,90.3,3.0,5.7,0.6,0.1,1.9,0,896.0,0.3962848297213623
173,36.8,25.0,61.5,1.2,0.4,0.3,0.1,0.4,0,114.0,0.2597402597402597
174,39.3,27.3,81.3,1.3,0.3,0.2,0.1,0.6,1,135.20000000000002,0.35616438356164387
175,55.3,0.0,46.4,2.1,0.1,0.2,0.3,0.6,1,96.89999999999999,0.29230769230769227
176,43.5,40.0,88.9,0.7,0.3,0.2,0.2,0.6,0,115.5,0.532258064516129
177,23.8,16.7,76.5,0.6,1.3,0.3,0.0,0.5,0,52.800000000000004,0.1929824561403509
178,33.3,0.0,50.0,1.1,0.1,0.1,0.3,0.1,0,14.7,0.14285714285714285
179,33.8,28.6,80.0,0.6,0.3,0.1,0.0,0.6,0,72.0,0.46511627906976744
180,37.5,25.0,69.2,1.1,0.0,0.1,0.4,0.3,0,46.2,0.5365853658536587
181,46.8,36.7,81.0,5.9,4.2,1.0,0.2,3.4,1,1738.0,0.6395348837209303
182,49.8,19.0,77.5,5.1,4.6,1.9,0.8,3.2,1,1506.6000000000001,0.5502958579881657
183,41.9,32.7,78.0,4.1,4.1,1.6,0.5,3.2,0,1104.0,0.4437299035369775
184,45.5,42.8,83.1,2.8,3.0,1.5,0.5,2.0,1,1192.8999999999999,0.46319018404907975
185,42.5,27.0,74.6,3.3,4.4,1.8,0.3,3.1,1,1090.2,0.4646464646464647
186,48.6,0.0,74.9,6.7,1.8,1.5,0.6,2.5,1,975.8000000000001,0.4006734006734007
187,41.4,31.4,79.5,2.5,2.3,0.9,0.3,1.5,1,1267.5,0.5709459459459458
188,43.3,0.0,82.6,4.6,5.8,0.9,0.3,2.3,1,705.1999999999999,0.3060498220640569
189,45.7,36.6,71.7,5.2,1.6,1.3,0.8,2.5,1,1071.6,0.5108695652173912
190,43.5,22.7,73.5,3.4,7.1,2.0,0.1,3.6,1,844.9,0.43911439114391143
191,43.2,24.8,74.5,2.6,3.8,1.1,0.1,2.3,1,924.3,0.44827586206896547
192,37.6,32.0,80.4,2.9,1.0,0.6,0.2,1.2,0,721.6,0.32958801498127344
193,41.9,32.9,61.4,3.9,2.4,1.2,0.3,0.9,1,464.4,0.3426294820717131
194,42.0,25.0,67.3,5.2,2.1,0.7,0.5,1.9,0,440.0,0.3603603603603604
195,45.0,40.6,78.9,3.1,1.3,0.6,0.3,1.3,0,704.0,0.5
196,49.0,0.0,80.3,2.2,3.4,1.1,0.1,1.6,0,454.40000000000003,0.3033175355450237
197,41.7,14.3,69.5,2.5,4.3,1.2,0.1,2.3,0,205.20000000000002,0.28078817733990147
198,50.1,0.0,57.1,4.5,1.0,1.0,0.3,1.2,0,481.0,0.4
199,47.5,30.0,85.0,2.1,2.6,0.8,0.2,1.0,1,568.0,0.3641025641025641
200,46.7,20.0,69.2,1.5,3.7,0.8,0.1,1.7,0,217.6,0.35233160621761656
201,43.7,20.8,78.3,3.2,1.0,0.6,0.1,1.7,0,753.3000000000001,0.48947368421052634
202,43.4,22.5,78.6,2.3,1.5,0.5,0.1,1.6,1,920.0,0.6318681318681318
203,46.4,0.0,59.6,2.3,1.1,0.5,0.4,0.4,1,397.59999999999997,0.3333333333333333
204,46.7,32.2,74.5,2.0,3.9,1.2,0.0,1.8,1,720.9,0.5297619047619048
205,42.0,35.9,88.4,1.1,3.7,0.8,0.0,0.8,1,426.40000000000003,0.31137724550898205
206,44.3,0.0,57.8,2.1,0.9,0.7,0.1,1.4,0,122.39999999999999,0.3469387755102041
207,48.8,0.0,68.9,3.6,0.3,0.2,0.2,0.7,0,357.5,0.3793103448275862
208,48.6,0.0,58.0,3.2,0.6,0.4,0.1,0.7,1,280.0,0.34965034965034963
209,43.1,0.0,69.2,1.9,0.2,0.1,0.1,0.3,1,57.6,0.2285714285714286
210,44.5,0.0,72.5,2.2,0.8,0.4,0.3,0.9,0,244.79999999999998,0.3582089552238806
211,54.5,0.0,69.9,2.7,0.2,0.1,0.3,0.9,1,322.5,0.41346153846153844
212,42.6,0.0,38.4,3.7,1.1,0.4,0.1,0.9,1,259.2,0.47058823529411764
213,53.7,25.0,61.5,2.1,0.3,0.3,0.5,0.6,1,254.2,0.4141414141414141
214,30.1,7.1,78.1,1.1,2.6,0.3,0.1,1.1,1,139.4,0.17894736842105263
215,36.6,29.4,60.9,0.5,2.2,0.5,0.1,1.0,0,116.60000000000001,0.23404255319148937
216,40.2,16.7,83.3,0.9,2.3,0.5,0.2,1.3,0,136.29999999999998,0.30851063829787234
217,40.8,38.5,65.4,1.1,0.8,0.6,0.1,1.1,1,147.6,0.46590909090909083
218,51.3,0.0,65.0,2.4,0.1,0.3,0.8,0.5,1,161.20000000000002,0.3058823529411765
219,49.0,0.0,67.4,1.3,0.5,0.5,0.2,0.5,0,129.5,0.4216867469879518
220,49.4,0.0,50.0,2.6,0.4,0.3,0.3,0.5,1,186.0,0.3827160493827161
221,40.4,25.0,81.3,0.9,1.5,0.5,0.1,0.7,1,112.2,0.275
222,43.0,10.0,69.0,1.3,0.5,0.3,0.1,0.5,1,168.0,0.5063291139240506
223,48.0,10.0,82.4,1.1,0.4,0.4,0.1,0.4,1,125.39999999999999,0.48717948717948717
224,48.0,10.0,82.4,1.1,0.4,0.4,0.1,0.4,0,125.39999999999999,0.48717948717948717
225,36.9,30.8,63.8,2.2,0.8,0.7,0.4,1.2,1,188.1,0.32999999999999996
226,36.9,30.8,63.8,2.2,0.8,0.7,0.4,1.2,0,188.1,0.32999999999999996
227,41.8,24.4,60.0,1.8,0.8,1.0,0.4,1.1,0,127.19999999999999,0.3045977011494253
228,46.0,40.1,71.2,3.2,0.9,0.7,0.2,0.8,0,462.0,0.2654867256637168
229,41.5,0.0,73.8,1.3,0.6,0.3,0.0,0.5,0,180.0,0.3424657534246575
230,36.4,22.2,66.0,0.6,1.4,0.3,0.1,0.9,1,127.4,0.35616438356164387
231,50.4,40.0,70.6,1.1,0.4,0.3,0.1,0.7,0,151.79999999999998,0.4852941176470588
232,34.9,11.1,56.3,0.6,1.7,0.5,0.1,0.4,1,68.8,0.23529411764705885
233,31.9,20.0,77.3,0.7,1.1,0.3,0.1,0.8,0,66.5,0.31666666666666665
234,47.4,0.0,78.3,1.4,0.2,0.2,0.0,0.5,1,112.2,0.3859649122807018
235,42.2,0.0,68.2,1.0,0.2,0.2,0.1,0.3,1,98.39999999999999,0.4285714285714286
236,43.2,25.4,77.4,4.8,10.6,2.5,0.1,3.1,1,1115.2,0.3434343434343434
237,47.7,30.8,81.9,2.3,7.1,1.5,0.1,3.0,1,841.8000000000001,0.38764044943820225
238,43.7,29.0,65.6,2.6,3.2,0.6,0.3,1.0,0,417.6,0.3185840707964602
239,47.5,0.0,67.9,7.9,1.3,1.1,0.5,2.2,1,814.0,0.4498480243161095
240,43.9,33.3,87.9,3.4,6.4,1.7,0.1,2.5,1,830.8000000000001,0.3911671924290221
241,40.7,20.0,83.3,4.5,2.3,0.9,0.4,1.8,1,319.2,0.28044280442804426
242,35.6,22.4,72.7,3.4,1.7,0.8,0.6,1.8,1,364.0,0.4244897959183674
243,35.6,22.4,72.7,3.4,1.7,0.8,0.6,1.8,1,364.0,0.4244897959183674
244,50.1,20.0,60.4,6.3,1.0,0.7,1.5,1.7,1,959.4,0.4834710743801653
245,46.1,20.8,83.9,2.4,5.5,1.3,0.3,1.8,1,736.0,0.3833333333333333
246,50.1,0.0,62.6,5.5,1.1,0.6,0.7,1.1,1,623.7,0.3407079646017699
247,48.8,35.5,80.1,2.3,1.6,0.7,0.2,1.2,1,820.0,0.44642857142857145
248,40.4,26.7,74.0,2.3,1.9,0.9,0.4,1.9,1,585.6,0.4285714285714286
249,48.2,0.0,51.2,4.0,1.2,0.7,0.5,1.6,1,567.6,0.39631336405529954
250,42.3,33.8,81.5,3.7,1.6,0.5,0.8,0.8,0,472.0,0.3603603603603604
251,46.3,17.4,57.6,3.8,2.1,1.1,0.7,1.7,1,624.1,0.3779904306220096
252,49.1,36.7,77.2,4.0,1.3,0.8,0.8,1.3,1,697.0,0.40865384615384615
253,39.0,18.8,78.4,1.7,5.1,1.6,0.0,1.3,1,395.0,0.24271844660194172
254,42.8,0.0,72.5,4.2,1.4,0.7,0.3,1.4,1,631.8,0.39512195121951216
255,39.1,38.5,72.5,1.1,2.9,1.0,0.1,1.0,0,124.80000000000001,0.29714285714285715
256,45.9,0.0,87.1,4.5,0.8,0.3,0.1,0.9,1,222.3,0.34545454545454546
257,43.0,0.0,70.7,2.9,0.9,0.5,0.9,1.6,0,420.0,0.3733333333333333
258,53.2,0.0,64.0,3.4,0.5,0.4,0.3,0.7,1,284.40000000000003,0.24657534246575344
259,37.4,24.0,71.9,1.0,3.1,0.3,0.1,1.0,0,156.60000000000002,0.20610687022900764
260,44.6,0.0,72.2,0.6,1.2,0.4,0.0,1.0,0,259.7,0.4453781512605042
261,49.6,23.1,80.6,2.0,0.7,0.3,0.6,0.8,1,294.0,0.4077669902912621
262,42.2,20.0,89.7,0.7,1.5,0.1,0.1,0.6,0,152.0,0.39999999999999997
263,47.4,0.0,56.3,2.6,0.4,0.2,0.3,0.6,1,170.5,0.3333333333333333
264,47.0,0.0,73.5,0.7,1.7,0.6,0.0,0.9,0,147.5,0.2873563218390805
265,40.4,0.0,81.0,0.6,2.0,0.4,0.0,0.9,0,105.6,0.2891566265060241
266,46.6,0.0,70.2,1.3,0.5,0.3,0.3,0.6,1,220.5,0.5421686746987951
267,38.5,0.0,44.4,1.9,0.4,0.2,0.3,0.5,0,48.400000000000006,0.14473684210526316
268,36.7,0.0,66.7,1.7,0.5,0.1,0.3,0.6,0,77.89999999999999,0.2878787878787879
269,37.5,28.6,61.5,0.4,0.6,0.2,0.0,0.5,1,46.800000000000004,0.20634920634920637
270,37.7,37.3,74.4,1.8,2.7,0.5,0.2,0.9,0,279.0,0.31155778894472363
271,31.0,0.0,60.4,1.0,0.3,0.3,0.1,0.4,0,85.0,0.27419354838709675
272,45.5,21.3,68.4,4.8,4.8,2.5,1.0,4.2,1,1877.8,0.6122994652406417
273,46.8,35.5,74.7,8.3,3.6,1.1,0.2,2.6,1,1541.6000000000001,0.5222222222222223
274,48.5,0.0,74.5,7.9,1.9,0.7,2.1,1.7,1,1168.0,0.4306784660766962
275,53.8,0.0,69.6,8.1,3.8,0.6,0.8,3.1,1,1256.0,0.46587537091988124
276,47.5,0.0,61.7,4.7,8.2,1.8,0.6,2.2,1,376.3,0.19064748201438847
277,49.1,0.0,75.7,5.0,1.1,0.7,0.7,1.1,1,707.2,0.41106719367588934
278,53.1,0.0,64.9,4.9,1.7,0.6,0.6,2.4,0,1001.7,0.6309523809523809
279,45.4,22.2,64.6,4.7,2.4,1.6,0.4,1.6,1,717.5999999999999,0.4052863436123348
280,39.6,31.9,77.0,2.0,0.7,0.9,0.1,0.3,0,472.0,0.297979797979798
281,45.5,20.0,72.8,4.7,1.3,0.6,0.8,1.1,1,680.0,0.3881278538812786
282,43.0,25.0,74.1,2.0,2.0,1.2,0.3,1.7,1,677.6,0.42105263157894746
283,43.7,29.8,80.1,2.1,3.6,0.8,0.0,1.5,1,834.3000000000001,0.4951923076923077
284,39.7,0.0,58.1,4.9,1.1,0.4,0.7,1.7,1,335.0,0.34183673469387754
285,45.4,27.9,77.7,2.3,4.5,0.9,0.1,1.9,1,424.0,0.2717948717948718
286,46.7,33.3,67.6,7.1,0.7,0.8,1.1,1.4,1,562.5,0.40106951871657753
287,40.8,32.9,83.3,1.7,3.0,0.6,0.1,1.6,1,462.3,0.37912087912087916
288,56.2,0.0,61.4,3.6,0.7,0.5,1.5,0.9,1,434.59999999999997,0.29775280898876405
289,49.0,22.2,66.3,3.3,1.2,0.3,0.4,0.9,1,505.6,0.45664739884393063
290,58.1,0.0,72.7,4.2,0.5,0.5,0.5,1.4,1,448.79999999999995,0.4370860927152318
291,54.5,0.0,58.7,4.3,0.7,0.5,0.6,1.2,1,500.5,0.43333333333333335
292,45.6,8.3,74.3,3.5,1.3,0.3,0.2,1.0,1,448.79999999999995,0.4459459459459459
293,47.6,0.0,63.2,3.5,0.5,0.3,0.4,1.1,1,400.40000000000003,0.36363636363636365
294,47.1,0.0,69.3,2.9,0.8,0.6,0.2,0.7,1,290.40000000000003,0.3098591549295775
295,42.3,25.0,72.9,2.6,1.8,0.6,0.3,0.9,0,308.2,0.338235294117647
296,47.6,0.0,68.7,3.4,0.4,0.3,0.3,1.2,1,351.0,0.4
297,41.3,35.0,76.9,1.6,1.1,0.7,0.3,0.8,0,325.0,0.3787878787878788
298,52.7,0.0,63.9,3.5,0.4,0.3,0.1,0.9,1,260.40000000000003,0.31818181818181823
299,45.0,23.5,70.1,1.7,1.3,0.4,0.1,0.9,0,352.0,0.41984732824427484
300,54.4,0.0,64.9,2.9,1.0,0.3,0.5,1.0,1,330.4,0.4341085271317829
301,65.9,0.0,62.6,4.4,0.9,0.7,0.8,1.1,0,518.0,0.40659340659340665
302,44.1,32.0,79.7,1.7,0.7,0.4,0.1,0.9,1,359.59999999999997,0.5043478260869565
303,39.3,0.0,35.3,2.9,0.5,0.2,0.2,1.1,0,133.0,0.34545454545454546
304,38.0,33.3,75.0,0.8,1.0,0.6,0.1,0.7,0,138.6,0.3
305,41.1,4.5,86.8,1.2,0.5,0.3,0.1,0.8,1,295.0,0.4672897196261683
306,48.6,0.0,60.0,1.7,0.6,0.2,0.2,0.4,0,189.0,0.40384615384615385
307,42.6,28.3,78.9,1.2,0.9,0.4,0.1,0.7,1,328.3,0.5157894736842106
308,46.8,0.0,69.0,1.5,0.7,0.3,0.3,0.6,1,228.0,0.4367816091954023
309,42.7,0.0,75.0,1.4,1.1,0.3,0.0,0.6,0,127.10000000000001,0.37349397590361444
310,43.6,0.0,74.6,1.9,0.4,0.1,0.1,0.6,1,229.4,0.4625
311,37.8,20.0,63.6,1.0,0.8,0.3,0.1,0.8,0,146.2,0.5074626865671642
312,45.5,0.0,60.8,2.2,0.3,0.1,0.6,0.6,0,111.30000000000001,0.20792079207920794
313,33.8,31.0,63.0,0.6,0.6,0.2,0.0,0.5,0,124.19999999999999,0.3833333333333333
314,47.4,0.0,73.9,9.0,2.0,1.1,2.1,3.4,0,1000.0,0.5649717514124294
315,49.0,20.0,68.7,8.0,2.4,1.2,0.5,3.0,1,1402.2,0.5181818181818182
316,49.6,0.0,48.1,8.9,2.9,1.3,0.5,3.4,1,1206.9,0.4869281045751634
317,51.5,0.0,68.4,7.2,1.0,0.4,0.5,2.3,1,1190.7,0.5231316725978647
318,49.0,33.3,74.6,7.6,1.0,0.8,2.6,1.8,1,876.9,0.42045454545454547
319,46.3,18.5,89.6,2.1,1.9,1.3,0.4,1.4,1,770.0,0.5533596837944664
320,46.8,28.0,55.7,2.6,2.0,0.8,0.1,1.9,1,1012.5,0.5
321,48.1,31.3,79.8,1.5,4.8,0.8,0.1,1.9,1,770.8000000000001,0.39330543933054396
322,42.6,0.0,73.0,4.3,1.1,0.5,0.5,1.1,0,492.0,0.3468208092485549
323,51.9,0.0,66.2,8.6,1.7,0.9,0.4,2.3,1,739.1999999999999,0.41739130434782606
324,50.7,0.0,60.7,5.7,0.7,0.5,0.8,1.4,1,680.6,0.4009661835748793
325,46.6,22.2,78.1,6.1,1.2,0.5,0.6,1.3,0,429.20000000000005,0.3592233009708738
326,55.8,0.0,67.3,3.9,1.1,0.9,0.5,1.9,1,680.0,0.425
327,53.9,16.7,61.1,4.6,0.7,0.6,0.6,1.2,1,524.8000000000001,0.3404255319148936
328,45.6,0.0,53.1,4.1,0.6,0.4,0.1,1.2,1,333.7,0.25268817204301075
329,46.9,0.0,64.7,4.3,0.3,0.5,0.1,1.1,1,492.8,0.4502923976608187
330,48.3,18.2,78.5,1.6,4.3,1.0,0.1,2.0,1,616.1999999999999,0.5
331,47.4,31.0,80.6,1.5,2.5,1.0,0.0,1.3,1,560.9,0.461038961038961
332,42.7,31.0,59.6,3.3,0.5,0.5,0.5,1.2,0,238.0,0.4093567251461988
333,45.7,31.1,61.1,1.9,2.9,0.9,0.1,1.4,0,347.90000000000003,0.296969696969697
334,47.2,9.1,61.9,3.1,1.1,1.0,0.8,1.2,0,366.6,0.31333333333333335
335,48.1,27.0,78.5,1.7,3.5,0.9,0.0,1.4,0,418.0,0.36912751677852346
336,46.5,0.0,72.3,4.7,0.6,0.3,0.4,1.3,1,416.0,0.35135135135135137
337,40.9,17.6,58.3,1.7,0.9,0.4,0.1,0.9,0,353.6,0.40944881889763785
338,52.8,0.0,43.5,3.8,0.3,0.2,0.3,0.9,0,262.4,0.3228346456692913
339,52.8,0.0,43.5,3.8,0.3,0.2,0.3,0.9,0,262.4,0.3228346456692913
340,60.4,0.0,42.5,2.8,0.3,0.4,0.4,0.4,0,148.39999999999998,0.25925925925925924
341,48.0,0.0,85.2,1.5,0.8,0.3,0.1,0.9,0,330.0,0.47619047619047616
342,38.4,32.0,75.6,1.6,0.9,0.4,0.2,0.6,0,346.5,0.28125
343,40.8,20.0,60.0,1.0,1.8,0.4,0.1,1.1,0,166.5,0.3557692307692308
344,38.3,11.1,51.4,0.7,1.5,0.8,0.1,0.9,0,157.5,0.3431372549019608
345,45.5,0.0,72.8,1.0,1.2,0.4,0.1,0.7,1,275.2,0.43
346,44.4,50.0,55.8,1.5,1.6,0.8,0.3,0.9,1,203.5,0.4021739130434783
347,44.2,20.0,92.6,1.0,0.9,0.4,0.1,0.6,1,256.5,0.5294117647058824
348,55.7,0.0,66.7,1.1,0.2,0.1,0.2,0.5,0,122.39999999999999,0.4473684210526316
349,36.4,25.0,92.9,0.8,1.2,0.3,0.1,0.9,1,182.4,0.4210526315789474
350,40.7,0.0,79.5,2.0,0.3,0.1,0.2,0.8,1,153.60000000000002,0.463768115942029
351,30.8,26.4,64.4,1.4,3.2,0.9,0.1,1.2,0,210.0,0.18543046357615894
352,51.5,17.3,84.5,6.5,5.9,2.4,0.8,3.5,1,2312.4,0.7362924281984334
353,47.0,0.0,76.7,4.0,3.1,1.2,0.1,2.5,1,1128.0,0.4533762057877813
354,53.7,0.0,71.1,8.6,2.8,0.7,2.7,2.3,1,760.0,0.3424657534246575
355,54.5,16.7,73.3,8.6,1.9,1.2,1.0,2.5,1,1148.0,0.4895104895104895
356,47.1,25.0,82.0,7.4,1.6,0.8,0.8,1.2,1,902.0,0.38869257950530034
357,44.6,20.0,82.9,2.1,4.4,1.3,0.1,2.1,1,704.0,0.34108527131782945
358,51.1,0.0,78.4,5.7,0.5,0.5,1.1,1.5,1,837.4,0.4291497975708502
359,60.0,0.0,62.0,6.8,1.4,0.4,0.5,2.3,1,1049.6000000000001,0.5470085470085471
360,46.7,22.2,65.7,6.4,0.4,0.4,0.6,1.3,1,762.6,0.42660550458715596
361,54.3,0.0,73.7,5.2,0.7,0.6,0.4,1.1,1,532.5,0.3302325581395349
362,49.8,36.4,73.4,3.4,3.5,1.6,0.3,2.1,1,726.8,0.43192488262910794
363,55.7,0.0,71.5,5.1,1.0,0.2,0.4,1.5,1,725.4000000000001,0.458128078817734
364,52.0,0.0,64.8,5.1,1.6,0.6,0.8,1.8,1,655.2,0.417910447761194
365,52.0,0.0,64.8,5.1,1.6,0.6,0.8,1.8,0,655.2,0.417910447761194
366,52.0,0.0,64.8,5.1,1.6,0.6,0.8,1.8,0,655.2,0.417910447761194
367,31.7,31.1,50.0,1.4,1.4,0.6,0.2,1.0,1,107.30000000000001,0.225609756097561
368,31.7,31.1,50.0,1.4,1.4,0.6,0.2,1.0,0,107.30000000000001,0.225609756097561
369,31.7,31.1,50.0,1.4,1.4,0.6,0.2,1.0,0,107.30000000000001,0.225609756097561
370,45.4,0.0,85.9,3.0,1.5,0.4,0.1,1.3,1,417.59999999999997,0.29292929292929293
371,46.0,0.0,67.8,3.5,1.9,0.7,0.1,1.4,1,541.1999999999999,0.34196891191709844
372,52.8,33.3,78.9,3.7,1.3,0.5,1.3,1.7,1,496.0,0.41450777202072536
373,45.3,35.1,75.4,1.9,3.1,1.0,0.1,1.4,1,553.8,0.37967914438502676
374,47.0,0.0,47.4,4.4,0.5,0.5,0.5,1.9,1,510.0,0.36363636363636365
375,47.1,18.2,73.6,1.3,5.1,1.3,0.1,1.8,1,459.2,0.3076923076923077
376,45.9,16.0,81.0,1.5,1.7,0.6,0.2,1.1,0,525.4,0.4104046242774566
377,46.0,18.8,71.1,1.8,2.9,1.0,0.2,1.3,0,325.6,0.25882352941176473
378,49.8,0.0,54.1,4.9,0.3,0.4,0.3,1.2,1,297.0,0.3235294117647059
379,47.8,0.0,73.3,3.6,0.5,0.2,0.2,1.0,0,377.4,0.33774834437086093
380,43.1,50.0,82.0,2.4,0.9,0.3,0.2,0.9,1,208.79999999999998,0.40277777777777773
381,49.2,0.0,66.9,3.3,1.3,0.4,0.2,1.3,1,382.20000000000005,0.34265734265734266
382,58.9,0.0,39.8,3.6,0.8,0.5,0.8,0.9,0,247.9,0.2781954887218045
383,41.6,0.0,70.6,2.1,1.4,0.3,0.2,1.3,0,300.9,0.39843749999999994
384,47.8,0.0,64.6,2.7,0.8,0.6,0.4,0.9,1,469.7,0.4919354838709677
385,32.6,0.0,56.4,3.1,0.4,0.2,0.8,0.8,0,79.5,0.12195121951219512
386,48.6,0.0,75.8,2.5,0.5,0.2,0.5,1.2,1,192.0,0.2689075630252101
387,49.6,0.0,80.0,1.6,0.4,0.5,0.1,1.2,1,313.59999999999997,0.5
388,38.3,22.2,75.5,1.0,1.4,0.5,0.1,1.1,0,258.29999999999995,0.3796296296296296
389,39.7,25.0,70.7,2.0,0.4,0.2,0.2,0.8,0,250.79999999999998,0.3584905660377358
390,44.0,0.0,75.0,1.6,0.7,0.2,0.2,0.6,0,193.79999999999998,0.3619047619047619
391,36.7,0.0,50.9,1.6,0.4,0.4,0.1,0.7,0,204.0,0.3695652173913044
392,37.3,0.0,76.5,1.3,0.9,0.5,0.2,0.6,1,194.7,0.3626373626373626
393,48.2,0.0,64.2,1.4,0.3,0.2,0.3,0.7,0,229.5,0.5
394,38.3,0.0,68.8,0.6,0.4,0.5,0.1,0.7,0,197.4,0.47191011235955055
395,37.3,13.3,69.2,0.5,1.2,0.2,0.0,0.7,1,121.60000000000001,0.45070422535211274
396,41.5,0.0,52.0,1.4,0.6,0.2,0.1,0.4,0,90.3,0.295774647887324
397,41.2,0.0,50.0,1.9,0.3,0.2,0.3,0.4,0,50.7,0.18840579710144928
398,41.9,36.4,67.7,0.9,0.7,0.1,0.1,0.8,0,128.7,0.5499999999999999
399,38.8,0.0,88.2,0.6,0.7,0.1,0.0,0.5,1,68.4,0.3829787234042553
400,52.3,25.0,66.1,11.1,2.0,0.8,2.4,3.6,1,1722.0,0.6402439024390244
401,48.0,18.8,75.3,6.9,2.1,0.9,0.8,2.0,1,972.0,0.4
402,46.9,0.0,73.0,2.5,8.3,1.5,0.2,3.4,1,672.0,0.3111111111111111
403,49.9,25.0,73.1,5.7,2.2,0.7,0.7,1.5,1,853.2,0.41064638783269963
404,35.6,24.5,63.8,3.0,0.3,0.4,0.1,0.9,1,218.4,0.328125
405,44.8,24.1,74.2,4.0,2.3,1.3,0.1,1.7,1,1016.8000000000001,0.4787644787644788
406,51.2,0.0,75.2,5.7,1.6,0.5,1.5,1.3,1,688.5,0.34274193548387094
407,44.4,32.4,82.6,1.9,1.9,0.3,0.2,1.4,1,980.1,0.4959016393442623
408,46.2,16.7,78.5,2.7,3.9,1.6,0.4,2.1,1,753.3000000000001,0.38912133891213396
409,49.6,0.0,59.0,6.2,0.9,0.4,1.8,1.4,1,440.0,0.23706896551724138
410,48.4,23.5,80.6,2.2,2.4,1.1,0.3,1.6,1,784.4,0.4796380090497737
411,46.7,23.1,77.2,3.8,1.5,0.8,0.5,0.9,0,738.0,0.42654028436018954
412,44.3,11.5,67.3,2.1,2.9,1.2,0.3,1.4,1,467.40000000000003,0.27272727272727276
413,53.6,25.0,83.7,3.8,1.2,0.7,0.5,1.3,1,576.6999999999999,0.37628865979381443
414,44.8,26.2,78.7,1.5,2.2,0.7,0.1,1.4,0,664.0,0.4662921348314607
415,45.8,0.0,65.6,4.1,0.2,0.2,0.7,0.6,0,96.10000000000001,0.24603174603174605
416,44.5,24.3,88.9,1.2,3.3,0.4,0.0,1.1,1,503.70000000000005,0.39204545454545453
417,45.1,25.0,72.8,2.9,1.9,1.3,0.3,1.5,1,631.4,0.4476744186046512
418,46.4,9.1,72.7,2.1,1.8,0.8,0.1,1.0,0,453.59999999999997,0.3727810650887574
419,41.7,26.7,79.1,2.0,3.5,1.6,0.2,2.4,1,647.8000000000001,0.4906832298136646
420,41.3,11.1,77.7,1.6,3.4,1.2,0.1,1.4,0,327.6,0.2641509433962264
421,45.6,41.4,71.9,3.7,0.8,0.6,0.1,1.2,1,549.4,0.5189873417721518
422,44.1,0.0,71.4,2.5,2.3,0.5,0.2,1.3,1,457.5,0.3885350318471337
423,50.3,40.0,60.9,0.9,0.9,0.2,0.0,0.4,1,351.0,0.3284671532846716
424,43.9,0.0,71.4,3.6,0.5,0.4,0.3,1.2,1,254.8,0.3823529411764706
425,51.7,0.0,60.8,2.9,0.8,0.3,1.1,0.8,1,280.8,0.2706766917293233
426,41.6,37.5,67.6,1.3,0.7,0.4,0.1,0.9,0,201.4,0.424
427,45.9,26.3,77.0,1.6,1.3,0.3,0.1,0.8,0,341.0,0.496
428,50.9,0.0,85.1,1.2,1.2,0.5,0.0,0.8,0,260.0,0.5555555555555556
429,38.8,0.0,70.0,2.4,0.9,0.2,0.4,0.7,0,126.9,0.24324324324324326
430,41.9,12.5,82.1,0.9,0.9,0.3,0.0,0.7,1,148.5,0.3203883495145631
431,44.5,18.2,61.5,0.7,3.0,0.2,0.0,0.7,1,142.1,0.31182795698924726
432,49.7,0.0,61.5,1.2,0.8,0.5,0.4,1.0,0,216.0,0.48387096774193544
433,54.4,0.0,53.8,2.9,0.5,0.5,0.3,0.5,0,120.9,0.3647058823529412
434,38.4,0.0,69.6,1.9,0.3,0.2,0.7,0.6,1,165.29999999999998,0.34939759036144574
435,39.7,23.1,78.3,1.0,0.8,0.4,0.0,0.4,1,119.7,0.25609756097560976
436,37.3,29.0,62.5,2.2,2.4,1.0,0.3,1.2,0,135.29999999999998,0.24260355029585798
437,37.9,36.0,93.8,2.5,0.4,0.3,0.0,0.2,0,180.2,0.27419354838709675
438,27.0,0.0,66.7,1.5,0.5,0.1,0.1,1.0,0,28.5,0.24050632911392403
439,57.1,0.0,41.8,1.8,0.5,0.3,0.2,0.4,0,166.5,0.46835443037974683
440,44.8,0.0,64.3,0.9,0.8,0.3,0.1,0.6,1,148.5,0.3552631578947369
441,45.5,0.0,31.3,1.8,0.2,0.0,0.1,0.6,1,66.5,0.3392857142857143
442,52.3,0.0,70.9,10.6,2.5,1.8,0.9,2.9,1,1659.0,0.654696132596685
443,47.9,22.2,74.1,10.6,2.8,1.7,0.5,2.7,1,1628.1000000000001,0.5894428152492669
444,46.6,20.0,73.0,3.4,3.7,0.9,0.1,2.7,1,1147.6,0.551094890510949
445,44.8,31.7,79.2,4.5,2.1,0.8,0.8,1.6,1,844.6,0.3843283582089552
446,45.2,22.2,72.3,1.6,3.6,1.1,0.1,2.1,1,752.4,0.37218045112781956
447,53.5,0.0,71.2,2.6,0.4,0.3,0.9,0.3,0,191.39999999999998,0.2796610169491525
448,57.9,25.0,62.4,5.2,1.7,1.2,0.8,2.3,1,1031.8,0.5234375
449,46.2,46.7,67.2,2.8,2.5,0.7,0.1,0.9,1,655.2,0.3574468085106383
450,42.8,34.5,69.6,2.7,2.1,0.7,0.3,1.9,1,759.2,0.4444444444444445
451,46.2,0.0,69.0,4.1,1.0,0.4,0.6,1.7,1,408.0,0.2524752475247525
452,59.5,0.0,61.4,5.9,0.8,0.8,0.1,0.6,1,360.8,0.22000000000000003
453,40.8,13.3,75.3,1.8,4.9,1.2,0.2,2.5,0,518.0,0.358974358974359
454,48.7,12.5,81.0,1.5,2.6,0.6,0.0,1.9,0,762.6,0.47938144329896915
455,45.7,11.1,59.7,3.6,2.6,1.3,0.6,2.0,1,529.3000000000001,0.3471502590673575
456,42.2,20.0,64.2,2.1,0.5,0.5,0.2,0.7,0,142.79999999999998,0.247787610619469
457,47.9,0.0,69.9,2.9,3.4,1.6,0.1,1.3,1,367.5,0.2592592592592593
458,41.4,0.0,65.6,5.7,1.4,0.3,3.4,1.7,1,348.3,0.22751322751322753
459,53.3,0.0,74.1,5.4,1.4,0.6,0.9,1.1,0,472.5,0.33510638297872336
460,40.0,0.0,65.2,1.8,2.5,0.9,0.3,1.4,0,158.4,0.20454545454545453
461,43.1,34.4,72.8,1.9,0.8,0.6,0.2,0.6,0,469.7,0.3112244897959183
462,38.0,0.0,73.7,1.6,2.9,0.5,0.2,1.6,0,172.0,0.2366863905325444
463,42.9,40.0,83.3,1.8,1.8,0.8,0.2,1.4,1,615.6,0.49390243902439024
464,40.4,36.8,69.6,3.5,1.5,0.7,0.3,1.2,1,405.6,0.31901840490797545
465,47.6,25.0,73.5,3.3,0.8,0.3,0.3,1.1,0,477.40000000000003,0.389937106918239
466,43.2,0.0,76.2,1.4,2.5,0.8,0.1,1.7,1,387.6,0.3904109589041096
467,45.5,13.9,67.3,1.7,0.4,0.4,0.2,0.8,0,192.4,0.3592233009708738
468,48.5,0.0,57.1,3.7,0.8,0.4,0.6,1.2,1,347.2,0.39436619718309857
469,51.2,0.0,65.0,5.3,0.5,0.6,0.9,1.4,1,383.40000000000003,0.38848920863309355
470,53.4,0.0,77.4,3.4,0.9,0.4,0.2,0.8,0,259.70000000000005,0.37121212121212127
471,31.4,0.0,78.3,2.7,0.8,0.3,0.2,0.7,0,123.19999999999999,0.23728813559322032
472,36.4,11.1,81.0,1.1,1.9,0.2,0.0,1.4,0,183.60000000000002,0.24324324324324326
473,36.4,11.1,81.0,1.1,1.9,0.2,0.0,1.4,1,183.60000000000002,0.24324324324324326
474,43.5,14.3,57.7,1.5,0.7,0.4,0.1,1.0,1,196.0,0.37735849056603776
475,44.5,0.0,47.1,2.2,0.5,0.3,0.2,0.5,0,178.2,0.3203883495145631
476,42.0,0.0,57.1,2.5,0.3,0.1,0.6,0.4,0,166.4,0.31683168316831684
477,47.7,14.3,76.0,1.2,1.1,0.4,0.1,0.9,1,248.0,0.4081632653061224
478,54.3,0.0,64.2,1.6,0.5,0.3,0.0,0.8,1,325.0,0.5208333333333334
479,48.5,15.4,70.0,2.4,0.4,0.5,0.3,0.5,0,76.0,0.19
480,44.9,36.0,73.7,1.2,0.6,0.3,0.1,0.6,0,247.5,0.4787234042553191
481,40.6,0.0,67.8,1.6,0.6,0.3,0.2,1.0,0,153.60000000000002,0.36781609195402304
482,36.7,0.0,45.0,2.0,0.5,0.1,0.3,0.7,0,29.900000000000002,0.1566265060240964
483,37.4,22.0,64.4,1.1,0.8,0.6,0.1,0.7,0,226.8,0.4390243902439025
484,41.5,0.0,66.0,0.9,0.8,0.5,0.1,0.9,0,145.2,0.4177215189873417
485,40.4,0.0,31.3,1.9,0.2,0.1,0.3,0.4,1,81.0,0.22058823529411764
486,37.5,14.3,56.3,0.9,0.4,0.2,0.1,0.5,1,85.80000000000001,0.3235294117647059
487,45.3,0.0,44.4,2.1,0.2,0.1,0.1,1.0,1,79.2,0.4313725490196079
488,34.2,0.0,55.0,1.3,0.1,0.2,0.0,0.3,1,37.199999999999996,0.26666666666666666
489,36.1,9.1,66.7,0.5,0.6,0.1,0.1,0.4,0,101.5,0.6904761904761905
490,49.6,22.7,79.7,5.4,3.3,1.1,0.2,3.4,1,1771.2,0.5760000000000001
491,58.2,0.0,62.4,12.3,1.3,1.0,1.0,2.9,1,1271.0,0.4492753623188406
492,42.4,28.8,70.4,2.9,7.8,2.1,0.2,4.2,1,1224.0,0.5029585798816568
493,52.5,0.0,62.0,6.9,1.8,0.7,0.6,2.7,1,1393.2,0.5196374622356495
494,49.7,25.0,71.6,7.0,2.2,1.1,0.3,2.4,1,1733.3999999999999,0.6604938271604938
495,46.5,35.2,68.0,4.9,3.2,0.7,0.4,2.6,1,953.6999999999999,0.6493055555555555
496,47.7,28.6,67.0,7.4,1.7,0.7,2.2,1.7,1,943.0,0.4136690647482014
497,56.1,33.3,75.2,9.3,1.6,0.5,0.7,2.9,1,1180.8,0.5333333333333333
498,41.4,21.5,75.0,1.9,4.8,1.0,0.1,2.0,1,845.3,0.41634241245136183
499,44.1,0.0,70.3,3.8,2.4,0.9,0.0,1.4,1,664.0,0.332
500,61.3,0.0,64.2,5.9,1.2,0.5,1.1,2.5,1,998.4000000000001,0.5739910313901345
501,48.2,23.1,77.8,4.1,1.9,0.8,0.5,2.4,1,919.6,0.5426008968609866
502,47.7,0.0,68.4,5.1,1.8,0.7,0.2,1.3,1,768.0,0.45070422535211263
503,45.9,9.1,66.4,4.4,1.5,0.7,0.2,1.3,1,688.2,0.45365853658536587
504,45.9,9.1,66.4,4.4,1.5,0.7,0.2,1.3,1,688.2,0.45365853658536587
505,48.1,0.0,75.7,5.2,1.8,0.6,0.9,1.8,1,647.8000000000001,0.398989898989899
506,43.4,0.0,77.5,3.3,0.6,0.5,0.3,1.4,0,553.0,0.36458333333333337
507,55.6,0.0,55.1,5.2,0.6,0.8,1.3,1.1,0,359.9,0.33516483516483514
508,51.8,0.0,50.4,5.4,0.9,0.9,1.2,1.2,1,294.4,0.2598870056497175
509,46.1,0.0,58.3,4.7,1.0,0.3,1.3,0.9,1,333.9,0.3081395348837209
510,50.3,0.0,70.8,3.6,0.7,0.6,0.3,0.8,1,347.90000000000003,0.2882352941176471
511,41.3,0.0,76.0,1.8,3.3,1.1,0.0,1.6,1,524.8000000000001,0.37869822485207105
512,45.3,28.1,72.6,1.9,2.5,0.8,0.2,1.3,0,396.9,0.38650306748466257
513,46.5,30.5,65.7,1.4,2.3,0.8,0.1,1.4,0,448.0,0.43478260869565216
514,46.4,0.0,72.0,2.7,1.2,0.5,0.4,1.0,0,489.90000000000003,0.43125
515,51.3,0.0,69.9,3.0,1.1,0.3,0.3,1.4,1,547.5,0.46202531645569617
516,51.9,0.0,52.0,4.8,1.1,0.2,1.5,1.6,1,360.0,0.30405405405405406
517,52.1,0.0,64.1,3.2,1.0,0.5,0.9,1.3,1,528.0,0.4459459459459459
518,54.6,0.0,60.1,2.6,0.7,0.4,0.3,0.9,1,377.3,0.35000000000000003
519,43.5,0.0,59.4,1.6,0.8,0.4,0.0,0.5,0,191.1,0.3
520,31.6,28.0,73.3,0.6,1.4,0.4,0.0,0.8,0,55.199999999999996,0.24731182795698922
521,50.9,0.0,45.9,2.5,0.6,0.3,0.7,0.7,0,208.79999999999998,0.24369747899159663
522,51.0,0.0,82.0,1.2,0.5,0.3,0.0,0.8,1,248.39999999999998,0.40350877192982454
523,45.9,22.2,64.3,0.8,1.4,0.5,0.0,1.1,0,225.39999999999998,0.4144144144144144
524,58.3,50.0,82.5,1.3,0.8,0.4,0.1,0.8,0,133.4,0.2710280373831776
525,47.8,0.0,81.1,2.5,0.6,0.2,0.2,0.8,0,205.2,0.3584905660377358
526,35.7,29.4,86.2,1.1,1.6,0.7,0.1,1.0,1,217.29999999999998,0.38679245283018865
527,46.5,0.0,58.5,1.3,0.4,0.5,0.1,0.9,1,191.10000000000002,0.5444444444444445
528,54.0,66.7,50.7,0.7,1.3,0.4,0.1,1.0,0,146.2,0.3953488372093023
529,52.4,0.0,60.4,1.7,0.3,0.3,0.1,0.7,0,136.5,0.4117647058823529
530,35.5,30.1,77.8,1.3,0.3,0.2,0.0,0.3,0,116.10000000000001,0.29347826086956524
531,45.8,0.0,65.4,1.5,0.2,0.2,0.1,0.4,0,142.79999999999998,0.4197530864197531
532,43.3,0.0,74.1,0.6,1.1,0.4,0.1,0.6,1,151.20000000000002,0.5217391304347826
533,44.4,0.0,73.2,1.5,0.1,0.1,0.0,0.4,0,151.9,0.4492753623188406
534,45.1,0.0,67.7,0.7,0.4,0.3,0.1,0.7,0,153.0,0.4545454545454546
535,32.2,0.0,64.7,0.8,0.4,0.3,0.1,0.6,1,68.39999999999999,0.2878787878787879
536,49.1,0.0,71.6,9.3,1.4,0.6,1.5,3.0,1,1549.8,0.5308988764044943
537,46.4,19.2,71.6,3.6,2.4,1.3,0.5,2.9,1,1668.6000000000001,0.5819209039548023
538,51.2,0.0,58.8,12.1,1.1,0.8,0.8,1.8,1,787.1999999999999,0.3057324840764331
539,48.6,27.8,63.7,6.1,3.2,1.1,0.3,1.9,1,869.0,0.3514376996805112
540,45.2,9.7,74.9,2.4,6.9,1.1,0.1,2.9,1,1216.0,0.5
541,37.1,17.4,86.0,1.6,2.8,0.4,0.0,1.5,0,174.9,0.3231707317073171
542,36.3,19.0,66.7,1.5,0.3,0.2,0.0,0.4,0,77.7,0.24418604651162792
543,50.3,0.0,76.5,8.6,2.7,0.7,1.0,1.6,1,793.8000000000001,0.32236842105263164
544,47.9,0.0,70.6,5.4,2.5,1.2,0.4,2.0,1,1205.3999999999999,0.4867549668874172
545,42.3,0.0,76.7,7.5,1.3,1.0,1.8,2.3,1,739.1999999999999,0.46808510638297873
546,46.8,24.0,73.3,2.9,3.7,1.7,0.4,2.2,1,907.1999999999999,0.45901639344262296
547,49.5,31.0,71.2,1.9,3.6,0.8,0.1,2.9,1,967.5,0.5466101694915254
548,46.0,0.0,69.9,6.7,1.5,0.5,0.3,1.8,0,571.2,0.3574468085106383
549,45.3,33.3,80.6,3.8,1.9,0.7,0.1,1.3,0,427.0,0.2606837606837607
550,44.4,0.0,77.6,3.3,2.3,1.3,0.3,2.1,1,931.5,0.5043859649122807
551,49.1,0.0,80.7,4.4,1.6,0.7,0.3,1.5,1,861.0,0.481651376146789
552,49.9,0.0,66.3,4.5,1.0,0.6,0.6,1.6,0,805.8,0.4700460829493087
553,40.7,23.5,79.7,1.6,3.3,1.2,0.1,2.2,1,501.59999999999997,0.3173076923076923
554,40.7,23.5,79.7,1.6,3.3,1.2,0.1,2.2,0,501.59999999999997,0.3173076923076923
555,53.3,0.0,67.9,4.4,0.7,0.3,1.8,1.3,1,820.0,0.49751243781094523
556,44.4,14.8,75.0,2.4,3.2,0.9,0.2,1.5,0,497.0,0.35353535353535354
557,46.0,0.0,72.9,3.6,1.4,0.6,0.3,1.8,0,639.9,0.401015228426396
558,47.9,5.3,61.0,2.4,4.5,1.5,0.3,1.9,1,606.8000000000001,0.3854166666666667
559,45.0,0.0,67.5,4.9,0.7,0.6,0.8,1.1,1,263.2,0.24867724867724872
560,51.1,23.5,89.9,1.6,2.0,0.9,0.1,1.2,1,664.1999999999999,0.45251396648044695
561,47.8,20.0,79.3,2.1,1.5,0.8,0.3,1.1,1,399.6,0.31764705882352945
562,42.5,30.4,85.7,1.5,0.4,0.2,0.1,0.5,0,47.6,0.20987654320987656
563,52.9,0.0,67.0,4.4,0.7,0.6,1.4,1.7,1,522.0,0.550632911392405
564,49.5,0.0,75.0,1.8,1.8,0.9,0.1,1.4,0,236.8,0.25
565,54.2,0.0,59.4,4.5,0.6,0.1,1.1,1.0,1,360.4,0.3680555555555555
566,45.2,32.6,72.9,2.0,0.7,0.3,0.7,0.9,1,253.5,0.33620689655172414
567,41.2,33.3,68.3,1.1,2.6,0.5,0.1,1.0,1,217.29999999999998,0.2992700729927007
568,50.7,0.0,67.5,4.1,0.5,0.4,0.8,0.7,1,249.6,0.3582089552238806
569,51.2,0.0,76.2,3.7,0.5,0.2,0.3,0.7,1,180.0,0.31007751937984496
570,46.2,30.0,73.7,1.2,1.0,0.4,0.0,0.9,1,302.4,0.4516129032258064
571,44.2,20.0,76.6,1.2,0.9,0.4,0.1,0.7,1,380.7,0.4017094017094017
572,32.7,0.0,55.6,0.9,1.4,0.5,0.1,0.9,0,72.0,0.1565217391304348
573,46.2,0.0,69.0,2.0,0.6,0.5,0.3,0.7,0,196.79999999999998,0.3628318584070796
574,46.0,27.3,65.0,1.4,0.2,0.2,0.0,0.4,0,144.29999999999998,0.5
575,41.8,16.7,66.7,3.0,0.2,0.3,0.1,0.7,0,215.60000000000002,0.4454545454545455
576,45.7,0.0,60.3,2.5,0.5,0.3,0.1,1.1,0,236.5,0.40186915887850466
577,45.4,0.0,51.6,3.0,0.5,0.4,0.4,0.6,1,218.4,0.411764705882353
578,45.4,0.0,56.4,1.0,1.2,0.6,0.1,1.3,0,188.8,0.31683168316831684
579,35.8,0.0,78.1,0.9,1.5,0.5,0.0,0.6,1,94.0,0.20833333333333334
580,33.0,0.0,73.9,1.2,1.3,0.4,0.0,0.6,0,168.0,0.3146067415730337
581,41.2,0.0,43.5,1.7,0.3,0.4,0.4,0.6,0,148.5,0.32142857142857145
582,34.8,50.0,45.9,1.3,0.3,0.2,0.0,0.6,0,114.4,0.4905660377358491
583,43.4,41.7,59.0,0.9,1.0,0.4,0.0,0.7,0,137.70000000000002,0.36986301369863017
584,35.5,29.0,75.0,1.2,0.3,0.1,0.1,0.2,0,71.3,0.35937499999999994
585,42.9,36.8,84.4,3.1,6.5,0.9,0.2,3.0,1,1558.0,0.49222797927461137
586,41.0,38.6,78.6,3.8,2.4,0.9,0.5,1.6,1,778.4,0.44551282051282054
587,31.8,16.7,52.9,1.4,2.5,0.4,0.1,0.7,0,99.0,0.19230769230769232
588,51.6,0.0,75.1,8.2,1.0,1.2,1.8,1.4,1,864.0,0.46875
589,41.2,31.0,74.6,2.4,3.0,1.0,0.3,2.0,1,896.6999999999999,0.5104166666666666
590,42.8,35.0,80.6,4.0,0.9,0.7,0.5,1.2,1,721.6,0.31428571428571433
591,43.8,0.0,76.4,5.7,1.2,0.5,0.9,1.2,1,608.3000000000001,0.29924242424242425
592,46.1,27.4,57.0,4.4,0.7,1.2,0.8,0.9,1,623.1999999999999,0.3153846153846154
593,45.8,22.2,74.9,5.8,1.5,0.7,0.9,1.3,1,702.0,0.34615384615384615
594,43.9,35.9,75.8,4.1,1.2,0.6,0.2,1.3,1,745.1999999999999,0.3622047244094488
595,37.2,32.6,54.6,1.8,2.1,0.4,0.1,1.2,1,378.2,0.26724137931034486
596,35.8,32.3,66.7,2.6,1.3,0.9,0.2,0.6,0,56.400000000000006,0.3032258064516129
597,60.8,50.0,37.1,7.6,0.5,1.0,1.6,0.9,1,474.0,0.3816425120772947
598,49.3,20.0,74.6,5.9,0.8,0.5,0.5,0.6,0,270.0,0.30303030303030304
599,54.5,42.9,80.9,3.7,0.5,0.2,0.6,0.7,1,379.5,0.3142857142857143
600,41.8,37.5,82.9,2.7,2.9,0.9,0.5,1.1,1,229.6,0.3218390804597701
601,38.4,32.8,64.4,2.4,1.2,0.8,0.2,0.6,1,390.0,0.2890173410404624
602,41.7,38.6,90.9,1.2,2.8,0.5,0.0,0.9,1,553.8,0.41764705882352937
603,40.7,33.2,71.4,2.0,0.7,0.6,0.2,0.7,1,467.20000000000005,0.3764705882352941
604,47.9,42.1,75.9,2.1,0.5,0.3,0.2,0.9,0,487.19999999999993,0.5649350649350648
605,43.0,0.0,52.3,4.5,0.7,0.6,0.4,1.3,1,336.0,0.31788079470198677
606,44.6,38.4,84.3,1.5,0.9,0.2,0.2,0.7,1,372.09999999999997,0.4121621621621621
607,37.1,31.5,57.1,0.9,3.0,0.5,0.1,1.2,0,144.0,0.20547945205479454
608,32.7,20.9,81.8,3.3,0.7,0.5,0.3,0.7,1,229.1,0.21641791044776118
609,40.7,39.3,100.0,1.5,0.8,0.3,0.2,0.4,0,119.6,0.17293233082706766
610,48.2,0.0,53.3,4.7,0.5,0.3,0.7,0.8,1,378.0,0.4580152671755725
611,41.5,20.0,88.9,0.9,0.8,0.5,0.1,0.2,0,52.8,0.35036496350364965
612,43.6,25.7,66.7,1.7,0.3,0.3,0.3,0.5,0,233.10000000000002,0.2913385826771654
613,36.8,37.8,58.8,1.0,0.7,0.3,0.0,0.6,0,155.1,0.26829268292682923
614,38.2,13.8,76.9,2.0,0.8,0.5,0.1,0.8,1,292.0,0.3278688524590164
615,40.0,38.3,71.9,2.2,0.9,0.2,0.2,0.6,0,204.0,0.3305785123966942
616,58.2,0.0,64.3,3.1,0.2,0.4,0.2,0.4,0,173.9,0.32173913043478264
617,51.3,0.0,66.7,3.7,0.9,0.2,0.5,0.7,1,233.7,0.36607142857142855
618,51.5,0.0,61.0,2.8,0.1,0.3,0.8,0.4,0,128.79999999999998,0.2828282828282828
619,37.5,28.0,72.4,0.9,0.6,0.4,0.1,0.5,0,118.89999999999999,0.29292929292929293
620,40.0,32.5,72.4,3.5,1.5,0.7,0.3,0.7,0,174.0,0.22568093385214008
621,47.6,0.0,76.8,2.8,0.3,0.1,0.1,0.5,1,184.0,0.4893617021276595
622,38.1,17.4,56.3,0.9,1.3,0.2,0.1,0.7,0,100.80000000000001,0.25609756097560976
623,38.4,25.0,72.4,0.8,1.2,0.2,0.1,0.8,0,91.0,0.33333333333333337
624,29.5,22.6,89.5,0.3,1.0,0.2,0.0,0.6,0,75.6,0.3733333333333333
625,35.3,30.0,100.0,0.8,0.2,0.1,0.1,0.3,1,71.3,0.484375
626,41.5,38.0,75.9,3.2,3.8,0.7,0.1,2.6,1,844.8000000000001,0.3962848297213623
627,42.8,31.3,76.4,3.6,2.3,0.9,0.3,2.1,0,705.6,0.4285714285714286
628,40.1,30.6,79.8,3.2,2.8,1.7,0.1,1.9,1,560.5,0.32871972318339104
629,45.2,33.7,55.1,4.8,2.1,1.2,0.5,1.3,1,598.5,0.33216783216783213
630,36.6,30.5,78.9,3.5,4.4,0.9,0.3,1.8,1,798.6,0.44485294117647056
631,44.8,37.9,83.2,2.6,4.1,0.8,0.1,1.6,1,747.5,0.45098039215686275
632,44.3,41.4,86.8,2.4,2.0,0.7,0.3,1.6,1,825.0,0.5122950819672132
633,49.3,37.6,77.3,5.1,1.1,1.3,0.4,0.7,1,505.6,0.32916666666666666
634,31.3,11.1,82.1,1.5,2.1,0.6,0.3,1.3,0,77.0,0.25925925925925924
635,58.6,0.0,66.5,7.7,0.8,0.7,1.0,1.2,1,469.2,0.4533333333333333
636,37.2,34.6,68.2,3.5,0.7,1.1,0.5,0.6,0,303.59999999999997,0.2119815668202765
637,41.2,26.8,69.7,4.7,0.6,0.5,0.5,1.2,1,580.8000000000001,0.4093023255813954
638,39.9,8.0,76.7,2.0,3.2,0.4,0.1,1.5,1,181.5,0.270935960591133
639,39.9,34.7,71.7,4.4,1.0,0.7,0.7,1.1,1,466.20000000000005,0.3794871794871795
640,39.3,27.6,77.6,1.4,2.0,0.7,0.0,1.6,1,442.0,0.3505154639175258
641,38.6,36.1,83.3,1.2,1.8,0.5,0.1,1.1,1,463.59999999999997,0.4086021505376344
642,44.7,15.0,87.2,1.3,3.3,0.7,0.1,1.2,0,295.8,0.3314285714285714
643,44.6,31.6,63.2,1.8,0.6,0.3,0.3,0.6,0,166.60000000000002,0.3656716417910448
644,51.3,33.3,72.0,4.0,0.6,0.8,0.3,1.2,0,358.40000000000003,0.38323353293413176
645,42.9,33.3,72.7,2.2,0.9,0.5,0.1,0.9,1,424.8,0.4528301886792453
646,47.3,0.0,78.6,4.2,0.8,0.3,0.4,0.5,1,168.1,0.26973684210526316
647,45.2,0.0,83.9,3.0,0.3,0.2,0.2,0.6,1,168.0,0.26666666666666666
648,50.7,0.0,65.2,3.6,0.3,0.5,0.3,0.5,0,197.79999999999998,0.31081081081081074
649,42.3,33.9,61.5,3.9,0.3,0.6,0.5,0.5,0,162.8,0.30136986301369867
650,54.5,0.0,70.7,3.2,0.5,0.7,1.6,0.6,0,159.5,0.20863309352517984
651,42.1,0.0,55.8,3.3,0.4,0.4,0.5,0.9,0,205.8,0.362962962962963
652,39.0,20.0,82.4,1.4,1.6,0.4,0.2,0.9,0,62.699999999999996,0.25781249999999994
653,37.2,28.9,71.4,1.3,1.4,0.4,0.1,0.9,0,167.2,0.30894308943089427
654,40.0,28.6,71.2,1.4,2.0,0.4,0.0,0.8,1,230.4,0.2950819672131148
655,50.8,33.3,75.0,2.6,0.5,0.3,0.4,0.4,1,216.20000000000002,0.38842975206611574
656,46.7,26.1,81.5,2.4,0.5,0.3,0.2,0.7,1,210.0,0.43859649122807015
657,32.5,20.0,70.0,0.9,0.9,0.1,0.2,1.0,0,148.2,0.35135135135135137
658,39.1,37.3,91.7,0.8,0.5,0.1,0.0,0.5,0,176.0,0.41904761904761906
659,43.2,36.2,40.0,2.4,0.8,0.1,0.1,0.6,1,114.4,0.4444444444444445
660,42.4,0.0,50.0,2.2,0.2,0.1,0.8,0.3,0,57.2,0.22680412371134023
661,38.9,37.5,50.0,1.0,1.0,0.4,0.3,0.6,0,72.8,0.22950819672131148
662,33.3,26.3,59.3,0.8,1.3,0.3,0.0,1.1,0,127.6,0.3020833333333333
663,38.1,37.8,100.0,0.9,0.9,0.3,0.1,0.6,1,110.2,0.33333333333333337
664,40.5,18.2,76.8,1.3,0.3,0.3,0.1,0.3,1,109.2,0.3058823529411765
665,44.6,0.0,66.7,1.6,0.2,0.1,0.4,0.4,0,115.2,0.38554216867469876
666,50.6,29.2,64.2,12.1,3.8,0.8,0.6,2.7,1,1845.0,0.5921052631578947
667,40.9,29.6,76.6,4.6,8.3,1.8,0.5,3.8,1,1131.6,0.43386243386243384
668,49.7,39.3,76.9,6.4,1.9,1.0,0.2,1.3,1,795.4,0.3129032258064516
669,43.0,16.7,68.7,8.6,2.5,1.1,0.8,3.3,1,1142.1,0.49473684210526314
670,55.1,0.0,62.2,7.5,1.3,1.2,0.6,1.0,1,752.0,0.3381294964028777
671,39.7,35.6,69.6,3.0,1.9,0.7,0.7,1.2,1,711.0,0.3435114503816794
672,57.6,0.0,55.5,7.1,0.6,0.6,1.0,0.7,1,500.5,0.3130081300813008
673,38.4,25.8,86.9,2.5,2.8,0.9,0.1,2.0,0,491.4,0.4775510204081632
674,42.5,31.8,80.8,3.9,2.0,0.6,0.2,1.0,1,561.6,0.3130434782608696
675,42.4,27.6,74.4,2.8,3.6,1.1,0.3,2.4,1,542.7,0.29515418502202645
676,45.1,41.9,80.8,2.5,1.2,0.3,0.1,1.0,1,784.0,0.46445497630331756
677,45.3,29.7,76.2,3.7,1.1,1.0,0.4,1.1,1,475.8,0.37681159420289856
678,51.7,0.0,59.5,5.3,0.5,0.4,0.9,1.0,1,530.4,0.34517766497461927
679,43.5,44.4,76.7,1.3,1.9,0.4,0.2,0.7,0,81.0,0.49090909090909096
680,39.4,31.5,77.3,3.3,0.7,0.7,0.3,1.3,1,453.59999999999997,0.3128491620111732
681,43.7,0.0,65.6,3.1,0.7,0.4,1.5,0.8,1,237.79999999999998,0.23033707865168537
682,37.4,37.0,76.3,2.6,1.6,0.6,0.1,1.2,0,318.6,0.34104046242774566
683,48.5,47.3,71.1,1.9,1.1,0.4,0.3,1.0,1,388.8,0.31952662721893493
684,55.8,0.0,71.4,3.8,0.8,0.3,0.7,0.6,1,327.59999999999997,0.37724550898203596
685,54.9,0.0,67.3,3.9,0.5,0.5,0.7,0.6,1,344.5,0.3231707317073171
686,43.3,0.0,56.0,3.0,0.3,0.4,1.2,0.6,1,258.0,0.296551724137931
687,38.3,24.2,73.1,2.9,0.6,0.3,0.3,0.3,0,191.1,0.29770992366412213
688,40.6,36.0,70.6,1.3,0.4,0.3,0.1,0.2,1,184.79999999999998,0.25225225225225223
689,42.4,37.5,58.9,1.5,1.6,0.3,0.2,0.6,0,159.6,0.36538461538461536
690,37.4,30.0,57.1,1.1,1.8,0.4,0.1,0.8,1,98.89999999999999,0.22330097087378636
691,35.7,28.3,78.6,1.7,0.7,0.3,0.2,0.5,0,159.6,0.38
692,66.1,0.0,70.3,2.0,0.5,0.3,0.3,0.4,1,176.4,0.3829787234042553
693,53.3,0.0,50.0,1.9,0.2,0.3,0.4,0.4,1,18.0,0.12658227848101264
694,45.5,41.7,59.1,0.9,1.2,0.1,0.0,1.0,0,110.2,0.3972602739726027
695,35.6,10.0,53.3,1.0,1.1,0.2,0.1,0.8,0,50.599999999999994,0.3194444444444444
696,48.5,0.0,73.9,1.0,0.2,0.1,0.2,0.5,0,82.0,0.3846153846153846
697,45.8,25.5,74.8,5.3,5.8,1.5,0.4,3.0,1,1447.2,0.5403225806451613
698,46.2,43.7,88.5,4.5,5.9,1.9,0.2,3.0,1,1400.0,0.48342541436464087
699,37.1,37.4,81.7,3.4,5.7,1.3,0.2,2.4,1,1271.0,0.4754601226993865
700,27.7,26.2,87.5,1.6,0.5,0.3,0.1,0.4,0,55.0,0.2358490566037736
701,41.7,35.8,82.6,2.4,4.4,1.0,0.0,2.9,0,1093.5,0.4671280276816609
702,47.7,40.0,85.1,2.5,5.7,1.0,0.1,2.7,1,942.4,0.4460431654676259
703,49.4,0.0,64.6,7.5,0.9,0.6,1.3,1.4,1,738.0,0.3345724907063197
704,45.1,37.4,81.4,2.9,1.6,0.8,0.1,1.0,1,1058.5,0.56640625
705,48.3,38.2,82.9,2.3,1.5,0.8,0.2,1.1,1,770.8000000000001,0.38056680161943324
706,44.2,39.0,75.6,2.6,3.8,1.1,0.3,2.1,1,584.0,0.3305785123966942
707,40.3,37.5,80.8,3.2,1.8,1.1,0.3,1.4,1,752.4,0.4323144104803494
708,40.1,31.0,71.5,4.5,2.9,0.6,0.1,1.6,0,655.2,0.3716814159292035
709,39.3,29.2,85.7,2.0,0.7,0.3,0.3,0.7,0,68.0,0.33999999999999997
710,49.8,25.0,76.3,2.9,0.7,0.6,0.2,0.8,1,662.1999999999999,0.3981481481481481
711,51.5,41.0,75.7,1.9,3.1,0.7,0.0,1.3,1,539.5,0.4088669950738916
712,44.1,36.9,77.0,3.0,1.2,0.5,0.1,0.7,1,658.6,0.4427860696517413
713,45.8,38.9,80.9,1.9,2.0,0.8,0.1,1.0,1,481.59999999999997,0.443298969072165
714,55.6,0.0,54.7,6.4,0.8,0.6,0.5,1.4,1,639.6,0.4285714285714286
715,42.4,39.5,87.1,2.1,1.0,0.3,0.1,1.0,1,501.59999999999997,0.3626373626373626
716,45.1,19.6,77.7,2.5,0.7,0.4,0.3,1.2,0,592.0,0.4484848484848485
717,41.8,31.0,72.2,1.6,3.3,0.5,0.1,1.1,1,380.7,0.2993630573248408
718,41.0,34.5,80.0,1.6,1.9,0.6,0.1,1.1,1,408.8,0.474025974025974
719,54.2,34.1,81.1,10.5,2.0,0.7,1.7,2.2,0,1500.6000000000001,0.571875
720,49.3,0.0,67.6,3.7,0.4,0.3,0.5,0.6,1,244.4,0.39097744360902253
721,46.4,30.5,82.1,2.5,0.5,0.4,0.4,0.7,1,351.9,0.38345864661654133
722,50.2,0.0,75.4,2.8,0.6,0.2,0.6,0.5,0,270.0,0.3435114503816794
723,53.4,0.0,59.7,4.1,0.4,0.3,0.1,0.4,0,145.6,0.2222222222222222
724,43.6,35.1,70.0,1.1,0.8,0.5,0.2,1.0,1,135.0,0.4032258064516129
725,38.8,31.8,79.5,1.6,0.7,0.3,0.1,0.4,1,282.0,0.39166666666666666
726,49.5,0.0,64.6,2.5,0.2,0.4,0.3,0.2,1,245.7,0.34821428571428575
727,39.6,0.0,62.3,2.1,0.5,0.4,0.1,0.3,1,205.9,0.25892857142857145
728,66.2,0.0,90.0,2.5,0.0,0.2,0.4,0.3,1,105.30000000000001,0.25961538461538464
729,39.6,21.9,83.7,0.9,1.7,0.5,0.1,0.7,1,227.20000000000002,0.31683168316831684
730,46.3,28.6,66.7,1.4,0.3,0.4,0.2,0.3,0,188.1,0.351063829787234
731,35.4,35.7,71.1,1.0,0.4,0.2,0.2,0.4,0,132.0,0.32608695652173914
732,35.6,21.1,74.5,1.3,0.3,0.2,0.2,0.3,1,111.8,0.3132530120481928
733,35.6,21.1,74.5,1.3,0.3,0.2,0.2,0.3,1,111.8,0.3132530120481928
734,37.1,40.0,72.2,1.2,0.4,0.1,0.3,0.5,1,137.70000000000002,0.36000000000000004
735,30.0,16.7,58.3,0.7,1.2,0.3,0.2,0.9,0,20.4,0.2698412698412698
736,37.2,32.1,60.0,1.1,0.0,0.1,0.1,0.3,0,43.199999999999996,0.3870967741935484
737,50.8,16.7,68.6,7.0,1.2,0.4,1.1,2.3,0,927.5,0.5833333333333334
738,39.6,31.3,84.6,0.7,0.5,0.3,0.1,0.6,0,57.49999999999999,0.44230769230769224
739,43.8,38.4,87.9,3.8,3.2,1.1,0.2,2.8,1,1517.0,0.4868421052631579
740,47.5,22.2,78.8,3.9,6.3,0.8,0.2,2.5,1,1360.8,0.4540540540540541
741,45.6,38.9,85.4,2.6,2.8,1.0,0.5,2.1,1,1255.8000000000002,0.4693877551020409
742,39.8,27.1,81.5,4.9,5.3,1.3,0.2,3.3,1,1254.6000000000001,0.4707692307692308
743,42.0,36.7,76.7,2.8,4.9,1.9,0.1,2.0,1,820.0,0.3125
744,53.1,0.0,79.3,8.1,1.0,0.5,1.8,1.8,1,1066.0,0.4262295081967213
745,49.7,0.0,69.2,7.4,1.1,0.6,0.7,1.8,1,910.1999999999999,0.395017793594306
746,43.0,43.9,89.3,1.8,3.5,0.6,0.0,1.6,1,849.6,0.44528301886792454
747,42.2,27.6,68.4,5.2,1.5,0.9,0.3,1.2,0,499.20000000000005,0.22377622377622378
748,45.9,10.5,78.9,9.1,1.0,0.4,0.6,1.5,1,899.1,0.4387351778656126
749,45.0,40.4,83.0,2.3,1.2,1.0,0.2,0.9,1,646.8000000000001,0.33333333333333337
750,47.2,40.7,77.2,5.4,1.0,0.5,0.5,1.5,1,1125.9,0.5604838709677419
751,42.3,37.3,69.7,3.1,0.9,0.5,0.5,1.0,1,607.5,0.33749999999999997
752,47.8,46.7,87.0,3.0,1.2,0.5,0.2,0.8,1,676.6999999999999,0.4469026548672566
753,56.4,0.0,63.7,7.0,0.5,0.4,1.1,1.4,0,542.9,0.41395348837209306
754,45.9,34.4,70.7,2.3,1.8,0.8,0.5,1.2,0,296.8,0.2548076923076923
755,39.3,36.5,84.5,4.7,0.8,0.7,0.3,0.9,1,488.40000000000003,0.3718592964824121
756,43.8,0.0,66.7,4.6,0.6,0.7,0.7,0.6,1,425.59999999999997,0.29015544041450775
757,40.3,32.9,78.1,2.1,1.8,0.6,0.3,1.0,1,438.90000000000003,0.34545454545454546
758,50.2,25.0,77.3,3.7,0.4,0.3,0.7,0.6,1,608.3000000000001,0.48125
759,49.4,0.0,66.0,3.9,0.3,0.4,1.0,0.8,1,487.5,0.4276315789473684
760,41.2,32.5,69.1,1.7,2.1,0.7,0.0,1.4,0,290.7,0.3774834437086093
761,63.3,0.0,38.5,4.5,0.2,0.2,1.1,0.8,1,227.89999999999998,0.296551724137931
762,47.1,0.0,66.7,3.5,0.7,0.3,1.1,0.8,1,497.0,0.4930555555555555
763,39.2,34.6,79.1,0.8,1.7,0.3,0.0,0.9,0,360.4,0.38686131386861317
764,41.0,35.1,73.7,3.4,3.3,1.2,0.2,2.5,0,1056.0,0.46808510638297873
765,46.0,25.0,82.3,1.1,1.2,0.3,0.2,0.7,1,215.60000000000002,0.3684210526315789
766,36.5,25.9,80.6,1.1,1.5,0.3,0.0,1.1,1,227.89999999999998,0.34677419354838707
767,41.6,34.8,69.9,1.9,0.7,0.3,0.5,0.9,1,277.3,0.38842975206611574
768,40.6,39.4,64.0,0.7,2.0,0.5,0.0,1.1,1,168.0,0.30107526881720426
769,50.8,0.0,70.6,2.9,0.4,0.3,0.7,0.5,1,225.60000000000002,0.3983050847457627
770,38.9,39.5,80.0,2.0,0.5,0.3,0.5,0.4,0,156.0,0.35135135135135137
771,29.2,22.0,50.0,2.2,0.9,0.3,0.1,0.4,1,51.300000000000004,0.24770642201834864
772,42.3,34.3,84.0,2.5,2.6,0.6,0.3,2.1,0,1048.8,0.4981949458483755
773,51.8,0.0,69.1,2.0,0.1,0.2,0.7,0.5,1,186.0,0.303921568627451
774,43.0,0.0,68.6,1.7,0.2,0.2,0.1,0.3,0,96.89999999999999,0.22619047619047616
775,36.5,40.0,85.7,0.9,0.8,0.3,0.0,0.6,0,88.8,0.29268292682926833
776,43.0,28.8,87.3,4.3,2.4,1.0,0.9,2.9,1,1624.0,0.5867052023121387
777,42.7,27.6,74.4,4.7,1.5,0.6,0.6,2.0,1,840.0,0.3723404255319149
778,48.5,32.8,74.1,6.2,1.2,1.0,1.4,0.7,1,663.0,0.3057553956834532
779,42.9,33.1,74.3,4.5,1.2,0.6,0.5,1.6,0,1003.3,0.46520146520146516
780,42.8,33.0,73.2,2.6,4.2,0.8,0.0,1.7,1,498.20000000000005,0.36015325670498083
781,37.5,30.7,78.4,4.2,1.6,0.8,0.2,1.6,0,591.3,0.3506493506493506
782,38.1,33.2,82.5,3.0,1.3,0.4,0.1,1.1,1,519.2,0.3606557377049181
783,37.4,19.4,80.0,3.7,1.4,1.0,0.3,1.1,1,458.2,0.25438596491228066
784,53.9,31.6,73.8,4.2,0.8,1.0,0.1,0.9,1,606.8,0.3904761904761904
785,48.2,0.0,69.1,5.6,1.1,0.9,0.9,1.2,1,488.4,0.3188405797101449
786,43.8,30.0,63.0,3.6,0.9,0.4,0.5,0.8,1,255.5,0.3724489795918367
787,40.1,18.8,81.4,2.3,2.8,0.9,0.1,1.4,1,433.2,0.39999999999999997
788,46.8,22.0,73.7,3.9,1.1,0.8,0.1,0.7,1,423.4,0.30526315789473685
789,53.8,0.0,60.9,4.4,0.4,0.4,1.4,1.0,0,408.79999999999995,0.32
790,49.8,21.4,72.7,5.5,0.7,0.4,1.4,1.1,0,618.0,0.4517543859649123
791,61.6,0.0,66.1,4.9,0.5,0.4,0.2,0.6,1,340.2,0.47928994082840237
792,40.1,20.6,79.2,1.0,2.0,0.5,0.0,1.0,0,235.20000000000002,0.2727272727272727
793,43.9,40.0,81.5,1.5,0.8,0.5,0.1,1.3,1,562.5,0.487012987012987
794,45.5,28.6,65.9,3.0,0.3,0.3,0.7,0.6,1,342.0,0.3082191780821918
795,48.4,0.0,66.0,3.0,0.4,0.5,0.3,0.9,1,310.5,0.33088235294117646
796,42.1,27.0,69.2,2.2,1.0,0.4,0.0,1.1,0,280.0,0.4117647058823529
797,45.9,19.0,65.5,3.2,0.6,0.2,0.6,0.8,1,333.7,0.3587786259541985
798,41.1,20.8,78.2,1.8,0.7,0.4,0.1,0.5,1,277.5,0.2868217054263566
799,41.3,33.0,85.7,1.1,1.7,0.3,0.1,0.9,1,265.2,0.4369747899159664
800,42.6,34.6,79.3,1.0,1.1,0.5,0.0,0.6,1,118.4,0.32173913043478264
801,53.3,41.7,63.5,2.1,0.7,0.5,0.2,0.6,0,222.29999999999998,0.34821428571428575
802,47.1,0.0,59.3,2.6,0.3,0.2,0.2,0.5,0,98.8,0.17757009345794392
803,56.1,0.0,68.2,3.4,0.4,0.3,0.4,0.5,0,106.6,0.3980582524271844
804,50.5,0.0,56.6,2.8,0.7,0.3,0.3,0.9,1,262.3,0.43
805,37.9,16.7,43.8,2.0,0.6,0.3,0.4,0.6,1,91.0,0.13131313131313133
806,55.4,0.0,67.5,2.6,0.2,0.2,0.6,0.3,1,152.0,0.40404040404040403
807,40.8,0.0,64.3,1.6,0.3,0.2,0.4,0.5,0,121.60000000000001,0.3764705882352941
808,42.9,0.0,65.4,0.8,0.2,0.2,0.1,0.1,0,57.6,0.21428571428571427
809,26.1,23.1,0.0,0.4,0.1,0.0,0.2,0.3,0,15.400000000000002,0.3548387096774194
810,56.3,0.0,64.8,5.3,0.6,0.7,1.0,0.7,0,462.0,0.3271028037383178
811,45.6,37.7,83.8,4.4,4.0,1.2,0.2,2.0,1,957.6,0.4745762711864407
812,37.6,33.7,71.0,2.9,2.1,0.4,0.1,1.7,0,920.4000000000001,0.39597315436241615
813,42.2,36.4,72.7,4.5,1.3,0.9,0.9,1.8,1,842.4000000000001,0.4
814,41.8,20.7,64.7,3.7,3.8,1.6,0.1,1.8,1,499.20000000000005,0.2723404255319149
815,43.4,36.8,85.4,2.7,2.8,0.7,0.3,1.9,1,828.1999999999999,0.44104803493449785
816,50.3,0.0,72.2,5.0,0.4,0.3,1.2,0.7,1,567.0,0.4072398190045249
817,45.7,28.3,79.6,2.0,0.9,1.1,0.0,1.0,0,369.6,0.38308457711442784
818,45.2,46.1,66.7,2.1,1.4,0.7,0.5,0.7,0,343.2,0.30985915492957744
819,53.1,0.0,62.4,5.1,0.6,0.6,0.2,0.9,1,606.8000000000001,0.39572192513368987
820,45.5,50.0,76.4,5.4,0.5,0.6,0.5,1.2,1,445.5,0.29411764705882354
821,52.5,33.3,67.3,5.2,0.8,0.8,0.9,1.1,1,557.6,0.37777777777777777
822,46.4,34.7,60.9,1.9,0.4,0.6,0.3,0.6,1,442.2,0.37931034482758624
823,39.5,28.2,84.7,2.1,3.3,0.4,0.0,1.8,0,537.1999999999999,0.4096385542168674
824,39.5,28.2,84.7,2.1,3.3,0.4,0.0,1.8,0,537.1999999999999,0.4096385542168674
825,42.4,41.9,71.8,1.5,1.2,0.4,0.1,0.7,1,276.0,0.27878787878787875
826,50.5,18.5,56.7,4.3,0.6,0.8,0.7,0.7,1,333.20000000000005,0.31410256410256415
827,45.7,28.6,71.2,5.3,1.5,1.3,0.6,0.9,0,168.2,0.27358490566037735
828,42.2,32.8,71.1,1.7,1.9,0.6,0.1,1.0,1,316.8,0.29139072847682124
829,38.6,41.4,76.4,1.5,0.9,0.4,0.1,0.9,0,291.40000000000003,0.41059602649006627
830,38.2,27.7,58.5,2.0,1.6,0.6,0.1,1.1,0,234.0,0.30201342281879195
831,41.0,38.8,90.0,1.2,0.9,0.3,0.0,0.5,1,252.0,0.4054054054054054
832,47.5,0.0,60.6,3.7,0.6,0.6,1.1,1.3,1,374.40000000000003,0.3880597014925373
833,53.8,0.0,66.1,3.1,0.3,0.4,0.6,0.8,0,259.6,0.34375
834,41.7,0.0,48.5,2.5,0.3,0.2,0.5,0.5,0,124.7,0.23387096774193547
835,41.0,33.7,73.0,4.1,1.2,0.5,0.5,0.7,0,607.5,0.3554502369668246
836,46.9,36.5,55.0,1.8,0.5,0.1,0.2,0.5,1,179.4,0.32231404958677684
837,52.8,0.0,67.5,1.3,0.4,0.7,0.1,0.4,1,257.59999999999997,0.3801652892561983
838,36.7,32.1,86.0,1.8,1.0,0.4,0.1,0.6,0,183.60000000000002,0.2327586206896552
839,50.8,0.0,78.7,2.3,0.2,0.2,0.7,0.4,1,191.39999999999998,0.28695652173913044
840,44.6,0.0,73.6,3.4,0.2,0.2,0.3,0.8,1,264.6,0.3684210526315789
841,54.4,0.0,59.7,2.7,0.2,0.2,0.5,0.6,1,173.6,0.2743362831858407
842,57.9,0.0,54.4,2.9,0.2,0.2,0.3,0.5,0,256.2,0.38181818181818183
843,43.3,34.6,84.4,0.7,1.3,0.4,0.0,0.4,0,168.1,0.3904761904761904
844,36.6,35.1,67.6,0.7,1.5,0.4,0.0,0.5,1,142.79999999999998,0.3505154639175258
845,31.0,28.6,85.0,2.4,0.7,0.5,0.2,0.5,0,116.0,0.1932367149758454
846,38.1,24.0,73.3,0.9,0.4,0.4,0.1,0.4,0,117.6,0.32941176470588235
847,55.6,0.0,66.7,1.3,0.2,0.3,0.1,0.4,0,176.9,0.35802469135802467
848,46.2,11.1,56.1,1.3,0.4,0.3,0.0,0.4,1,110.0,0.32894736842105265
849,46.2,11.1,56.1,1.3,0.4,0.3,0.0,0.4,0,110.0,0.32894736842105265
850,56.8,0.0,60.0,1.9,0.1,0.2,0.1,0.8,0,91.2,0.3380281690140845
851,36.0,33.3,100.0,0.7,0.2,0.1,0.0,0.1,1,52.5,0.2727272727272727
852,43.0,28.2,84.7,5.1,7.8,2.2,0.1,2.4,1,1255.8000000000002,0.44722222222222224
853,39.1,35.8,72.5,3.3,5.6,1.3,0.1,2.3,1,952.0,0.3953488372093023
854,46.3,32.7,70.6,6.4,1.1,0.7,0.8,1.2,1,1053.0,0.4467353951890034
855,40.3,36.1,69.9,3.3,2.7,1.1,0.1,1.5,1,704.0,0.30449826989619383
856,42.1,41.6,70.4,2.4,4.5,0.8,0.2,1.8,1,864.0,0.375
857,52.7,10.0,68.1,5.0,0.7,0.9,0.4,0.7,0,346.5,0.2736318407960199
858,44.3,24.5,74.7,4.8,0.8,0.6,0.3,1.1,1,671.5,0.3441295546558705
859,47.7,33.3,82.5,5.8,0.8,0.5,0.7,1.5,1,799.5,0.5082644628099174
860,46.2,32.3,77.7,4.9,1.2,0.7,0.8,1.0,1,585.0,0.331858407079646
861,48.7,33.3,75.2,4.9,1.0,0.6,0.1,0.9,1,463.59999999999997,0.33628318584070793
862,40.7,39.7,75.2,2.3,2.0,0.8,0.0,1.6,1,669.6,0.4345794392523365
863,41.5,38.0,90.0,1.9,1.2,0.4,0.1,1.3,0,591.6999999999999,0.4778325123152709
864,44.2,26.3,80.0,2.0,2.8,0.5,0.0,1.3,1,529.3000000000001,0.3316831683168317
865,47.0,34.8,63.4,3.1,4.5,1.2,0.1,1.7,0,494.09999999999997,0.30808080808080807
866,47.8,33.3,81.2,3.1,0.8,0.5,0.2,1.1,1,536.0,0.3383838383838384
867,41.5,34.1,71.2,2.1,1.6,0.7,0.2,1.2,1,333.2,0.3756906077348066
868,39.9,35.7,85.9,2.1,0.6,0.3,0.2,0.7,1,402.59999999999997,0.3771428571428571
869,45.0,37.2,73.6,1.8,0.8,0.6,0.3,1.1,0,624.1,0.4593023255813954
870,59.6,0.0,57.7,4.5,0.6,0.5,0.3,0.8,1,341.7,0.30177514792899407
871,59.6,0.0,57.7,4.5,0.6,0.5,0.3,0.8,0,341.7,0.30177514792899407
872,41.4,41.4,80.5,1.9,0.9,0.3,0.1,0.9,1,208.79999999999998,0.3694267515923567
873,39.5,22.5,66.2,1.8,1.6,1.0,0.1,1.4,0,256.0,0.2077922077922078
874,52.4,0.0,81.0,3.3,0.4,0.2,0.4,1.1,1,483.0,0.4697986577181208
875,38.0,28.2,78.3,1.3,1.3,0.6,0.1,0.9,0,250.79999999999998,0.2585034013605442
876,33.7,26.9,73.9,1.7,1.8,0.4,0.3,0.8,0,84.60000000000001,0.3533834586466165
877,51.0,50.0,78.0,3.3,0.5,0.3,0.4,0.5,1,200.6,0.265625
878,45.7,0.0,80.0,2.2,0.2,0.2,0.1,0.6,1,111.0,0.25862068965517243
879,44.3,0.0,66.1,2.1,0.4,0.2,0.3,0.8,1,278.79999999999995,0.38679245283018865
880,48.3,0.0,88.2,2.0,0.2,0.3,0.0,0.6,0,146.2,0.3541666666666667
881,35.8,6.7,50.0,0.8,0.3,0.1,0.1,0.5,1,70.2,0.18947368421052632
882,39.0,23.5,69.8,1.0,0.9,0.6,0.1,0.7,0,137.70000000000002,0.29670329670329676
883,36.8,25.0,75.0,1.7,0.7,0.3,0.1,0.4,1,78.2,0.3863636363636363
884,46.2,44.1,85.7,2.5,3.6,1.0,0.1,1.5,0,265.6,0.36244541484716164
885,25.0,18.5,94.1,0.7,1.2,0.7,0.1,0.6,0,70.2,0.20689655172413796
886,45.4,0.0,60.6,2.3,0.3,0.3,0.2,0.4,1,131.1,0.27058823529411763
887,40.2,0.0,29.6,1.7,0.2,0.1,0.5,0.4,1,73.60000000000001,0.21917808219178084
888,45.5,0.0,47.8,1.5,0.2,0.2,0.1,0.1,0,49.5,0.2727272727272727
889,44.7,0.0,60.9,10.9,0.9,0.8,1.7,1.7,1,1102.3,0.4241573033707865
890,49.3,33.1,74.3,5.7,3.0,1.7,0.6,1.7,1,738.0,0.27439024390243905
891,52.0,0.0,67.1,10.0,0.9,0.9,1.7,2.0,1,984.0,0.36809815950920244
892,47.0,23.2,82.3,6.0,1.9,0.9,0.4,1.3,1,808.0,0.3400673400673401
893,45.5,17.4,68.8,6.2,1.7,0.8,1.9,1.8,1,717.8,0.35018050541516244
894,35.2,35.5,73.1,2.6,4.9,1.0,0.0,1.4,1,483.8,0.22264150943396227
895,39.4,28.8,68.9,2.0,1.9,0.7,0.1,1.4,1,782.8000000000001,0.42040816326530617
896,43.2,25.0,67.3,2.7,1.4,0.7,0.3,0.7,1,397.79999999999995,0.23943661971830985
897,45.5,31.2,68.2,2.4,3.0,1.0,0.0,1.5,1,687.3,0.4264705882352941
898,42.7,30.8,72.7,5.4,0.8,0.4,0.3,0.9,0,434.0,0.3932584269662921
899,39.3,24.6,78.9,1.5,3.3,0.5,0.1,1.8,1,462.4,0.346938775510204
900,29.1,25.9,62.5,2.7,0.9,0.6,0.1,0.7,0,92.0,0.20833333333333334
901,53.3,42.4,78.9,3.5,0.6,0.5,0.2,0.5,1,590.4,0.380952380952381
902,57.6,0.0,57.1,3.1,0.3,0.4,1.3,1.2,0,262.3,0.3446327683615819
903,44.2,23.1,69.5,3.0,1.1,0.9,0.2,0.9,1,472.0,0.34104046242774566
904,53.7,0.0,70.3,4.6,0.4,0.4,0.6,0.8,1,459.2,0.32941176470588235
905,47.5,38.7,73.7,2.9,0.8,1.0,0.3,1.0,1,492.8,0.39024390243902446
906,42.9,33.6,75.7,1.3,2.2,1.0,0.3,1.1,1,433.2,0.37012987012987014
907,41.2,0.0,64.0,3.8,0.9,0.5,0.4,1.4,0,211.6,0.3006535947712418
908,52.8,0.0,63.0,4.4,0.3,0.3,0.8,0.9,1,475.7,0.4527027027027027
909,36.2,30.4,77.8,1.4,0.7,0.6,0.0,0.4,0,92.5,0.2605633802816902
910,37.2,35.3,66.7,1.8,0.5,0.4,0.3,0.8,0,340.0,0.37593984962406013
911,42.9,33.3,70.1,1.4,1.7,0.6,0.1,0.9,1,217.0,0.2692307692307692
912,40.4,33.3,43.6,2.9,0.6,0.4,0.3,0.8,1,274.7,0.3153846153846154
913,42.6,35.8,70.4,1.7,1.4,0.5,0.2,0.6,1,175.5,0.34615384615384615
914,36.3,26.9,73.7,1.1,1.8,0.5,0.0,0.7,0,117.8,0.2440944881889764
915,33.6,24.5,62.5,0.9,1.4,0.4,0.0,0.7,0,111.60000000000001,0.25833333333333336
916,39.4,22.0,78.0,1.9,2.3,0.7,0.1,1.1,0,425.59999999999997,0.3373493975903614
917,38.9,27.3,68.8,1.4,1.0,0.6,0.1,0.7,0,125.39999999999999,0.28947368421052627
918,60.0,0.0,33.3,3.4,0.4,0.4,0.4,0.6,0,26.4,0.22641509433962265
919,38.5,20.0,65.5,1.3,0.5,0.4,0.1,0.5,1,130.5,0.2871287128712871
920,41.7,29.0,75.4,5.5,5.9,1.6,0.7,3.5,1,1651.1,0.5291139240506328
921,42.6,32.2,77.7,6.1,2.8,1.2,0.5,3.0,1,1722.0,0.5753424657534246
922,38.6,39.0,80.4,3.4,6.8,1.3,0.3,2.7,1,912.0,0.33707865168539325
923,46.5,30.2,74.7,4.0,4.5,1.4,0.6,3.2,1,988.1999999999999,0.46418338108882523
924,45.9,35.7,70.1,7.4,1.0,0.8,1.4,1.4,1,862.5,0.34328358208955223
925,40.0,30.5,78.6,3.8,1.5,1.0,0.2,1.6,1,672.0,0.3287671232876712
926,38.4,23.8,81.6,3.2,6.5,1.1,0.1,2.5,1,390.5,0.26492537313432835
927,40.3,35.8,63.1,4.3,1.3,0.6,0.1,1.0,1,496.4,0.27755102040816326
928,45.9,0.0,76.5,6.3,0.7,0.4,0.3,1.0,1,547.5,0.3054393305439331
929,43.0,30.3,70.3,5.5,1.4,1.0,0.8,1.0,1,576.1999999999999,0.3628691983122363
930,46.0,0.0,69.7,5.6,1.0,0.3,0.9,1.9,1,500.2,0.2711111111111111
931,35.9,30.2,71.8,1.3,2.9,0.8,0.1,0.9,0,155.4,0.2709677419354839
932,45.7,15.4,70.5,4.0,1.3,0.7,0.1,1.2,1,171.0,0.23560209424083767
933,39.4,44.4,62.9,3.6,1.2,0.7,0.4,1.1,1,291.40000000000003,0.3263157894736842
934,38.6,37.1,82.1,1.6,2.8,0.8,0.1,1.7,1,442.5,0.3172043010752688
935,49.4,30.6,76.9,2.6,2.1,0.9,0.2,0.8,1,476.0,0.45698924731182794
936,35.5,21.2,59.5,4.5,0.7,0.9,0.8,0.9,1,172.20000000000002,0.23463687150837992
937,40.0,31.4,75.6,1.6,2.2,1.1,0.2,1.5,1,477.90000000000003,0.34502923976608185
938,41.4,33.8,82.3,1.6,2.4,0.8,0.1,1.2,1,379.5,0.3416149068322981
939,40.1,31.1,72.8,1.2,1.0,0.5,0.1,1.1,1,365.70000000000005,0.47586206896551725
940,40.4,38.2,47.8,2.8,0.4,1.2,0.5,0.6,0,112.80000000000001,0.3112582781456954
941,38.0,25.6,78.6,1.3,1.3,0.5,0.0,0.9,1,285.0,0.37037037037037035
942,47.4,0.0,71.3,4.2,0.8,0.4,0.4,0.7,1,269.8,0.2900763358778626
943,47.5,0.0,75.0,2.9,0.6,0.5,0.5,0.5,1,154.0,0.34920634920634924
944,35.4,30.0,81.5,1.7,0.5,0.2,0.2,0.4,0,123.0,0.24193548387096772
945,35.2,39.1,79.2,1.5,0.5,0.3,0.1,0.6,1,333.0,0.37815126050420167
946,42.4,40.4,81.1,2.3,1.0,0.6,0.2,0.7,0,274.4,0.37837837837837834
947,45.7,0.0,44.2,3.3,0.5,0.4,0.0,0.6,0,126.0,0.30973451327433627
948,40.3,47.7,83.3,1.3,0.3,0.3,0.1,0.5,1,143.5,0.3365384615384615
949,42.5,33.3,70.5,1.8,1.6,0.4,0.1,0.6,1,172.79999999999998,0.2376237623762376
950,29.1,30.0,64.0,1.0,1.1,0.3,0.1,0.5,0,68.4,0.1875
951,45.3,37.0,88.5,1.0,0.4,0.3,0.1,0.1,0,183.6,0.39080459770114945
952,43.8,33.3,66.7,0.4,0.1,0.1,0.0,0.4,1,19.2,0.2727272727272727
953,41.6,31.8,82.4,5.1,2.7,1.8,0.4,2.5,1,1201.2,0.42076502732240434
954,50.4,38.3,75.0,1.7,1.1,0.4,0.1,1.0,0,330.0,0.4054054054054054
955,47.2,20.0,66.1,8.8,1.0,0.8,1.1,2.3,1,1107.0,0.43130990415335463
956,36.9,31.6,80.0,1.7,2.8,0.8,0.1,1.8,0,629.8000000000001,0.4542372881355932
957,45.7,29.2,71.2,6.5,1.2,0.8,0.5,2.1,1,875.0,0.4664179104477612
958,39.9,32.2,64.0,2.6,4.7,1.1,0.2,2.3,0,712.5,0.3639846743295019
959,53.6,0.0,77.1,7.5,1.3,0.7,0.6,1.3,1,810.0,0.3952569169960474
960,52.9,14.3,52.1,5.7,0.8,0.5,1.1,1.7,1,436.1,0.42788461538461536
961,36.2,25.0,65.2,3.0,3.4,1.0,0.2,1.9,0,418.2,0.20901639344262296
962,36.9,35.3,76.6,2.3,2.6,0.6,0.1,0.9,0,531.2,0.35319148936170214
963,40.5,32.3,76.0,2.8,1.0,0.6,0.3,0.7,0,171.6,0.22807017543859648
964,30.5,29.3,80.0,1.3,0.6,0.4,0.2,0.4,0,217.0,0.21678321678321677
965,39.3,26.9,79.0,2.7,2.2,1.0,0.6,1.4,0,407.1,0.2948717948717949
966,36.2,29.2,73.1,2.6,1.3,0.3,0.6,1.1,1,540.0,0.35714285714285715
967,47.1,0.0,51.9,6.6,0.5,0.6,0.2,0.8,1,214.4,0.15686274509803924
968,40.2,32.2,83.1,1.8,2.5,0.7,0.2,2.0,1,409.2,0.37125748502994016
969,42.2,22.2,78.4,3.4,0.7,0.6,0.2,0.9,0,480.0,0.38554216867469876
970,40.3,34.7,78.0,2.6,1.3,0.7,0.2,1.1,1,467.40000000000003,0.3584905660377358
971,40.3,34.7,78.0,2.6,1.3,0.7,0.2,1.1,1,467.40000000000003,0.3584905660377358
972,46.6,0.0,72.6,3.2,0.6,0.3,0.3,0.7,0,153.9,0.4042553191489362
973,37.3,31.5,68.6,1.2,1.0,0.5,0.1,0.8,0,367.2,0.32075471698113206
974,38.4,29.8,80.4,1.7,1.0,0.6,0.1,1.0,1,268.8,0.4155844155844156
975,49.5,0.0,70.3,3.3,0.3,0.2,0.6,1.0,1,234.0,0.2922077922077922
976,33.8,28.6,78.7,1.5,2.0,0.6,0.1,0.6,1,147.20000000000002,0.21333333333333335
977,43.4,0.0,69.5,2.4,0.9,0.2,0.1,0.7,0,168.0,0.3453237410071942
978,38.7,33.3,67.4,1.2,0.4,0.4,0.3,0.9,0,198.9,0.29770992366412213
979,46.6,0.0,68.0,3.0,0.3,0.2,0.4,0.8,0,264.0,0.3870967741935484
980,38.5,41.7,50.0,1.3,0.8,0.5,0.1,0.5,0,133.39999999999998,0.19491525423728812
981,51.4,18.2,68.9,2.6,0.6,0.4,0.8,0.6,0,285.59999999999997,0.40579710144927533
982,39.3,27.9,69.6,1.2,0.9,0.1,0.1,0.8,1,228.0,0.2608695652173913
983,43.1,25.0,68.4,1.4,0.2,0.2,0.5,0.5,0,159.89999999999998,0.3628318584070796
984,52.1,0.0,50.0,2.3,0.5,0.1,0.3,0.6,1,170.20000000000002,0.3557692307692308
985,41.2,36.1,80.8,0.9,1.7,0.3,0.0,1.1,1,185.0,0.3592233009708738
986,44.9,42.6,64.7,1.1,0.6,0.2,0.3,0.5,1,138.6,0.3173076923076923
987,29.2,0.0,59.0,2.1,0.2,0.2,0.4,0.5,0,91.19999999999999,0.2043010752688172
988,41.4,32.3,74.3,0.9,0.7,0.3,0.1,0.5,1,134.4,0.26582278481012656
989,37.9,28.0,70.0,0.9,0.4,0.4,0.1,0.6,0,93.60000000000001,0.34210526315789475
990,50.0,33.3,35.0,1.0,0.2,0.3,0.0,0.4,0,127.19999999999999,0.38095238095238093
991,41.0,32.4,79.2,1.5,1.9,0.6,0.1,0.8,0,285.0,0.4098360655737705
992,29.7,35.7,75.0,0.4,0.6,0.1,0.1,0.1,0,30.400000000000002,0.27586206896551724
993,42.9,37.3,70.0,5.4,2.8,1.6,1.0,2.0,1,1123.2,0.36272040302267
994,42.6,33.3,67.1,4.3,3.0,1.3,0.4,2.0,1,1152.0,0.4376899696048632
995,38.0,24.0,70.4,3.7,8.1,1.7,0.5,3.4,1,752.0,0.3081967213114754
996,41.9,32.3,67.5,2.6,4.3,1.2,0.1,2.0,1,708.4,0.3129251700680272
997,42.5,36.4,76.3,3.3,2.2,0.7,0.6,1.3,1,678.5999999999999,0.30313588850174217
998,40.6,26.5,80.0,2.4,0.5,0.3,0.5,0.4,0,209.0,0.3220338983050847
999,36.6,33.0,74.4,5.7,0.7,0.2,1.8,0.6,1,642.4000000000001,0.3384615384615385
1000,43.0,29.2,77.4,3.3,2.3,0.8,0.3,0.9,1,577.5,0.30120481927710846
1001,45.3,34.5,77.5,2.8,3.7,1.5,0.2,2.1,1,512.3000000000001,0.4430894308943089
1002,45.7,23.2,71.3,3.7,1.8,0.8,0.6,1.4,1,742.6,0.3868312757201646
1003,40.0,12.1,83.8,2.4,3.0,1.4,0.1,1.4,1,482.40000000000003,0.3157894736842105
1004,46.1,0.0,74.0,4.2,0.8,0.4,0.3,0.8,1,448.0,0.3106796116504854
1005,49.3,0.0,60.6,5.2,0.5,0.3,1.5,0.8,1,316.2,0.25
1006,49.7,0.0,60.4,4.8,0.8,0.4,1.3,1.4,1,433.09999999999997,0.3112244897959183
1007,42.1,50.0,70.1,3.9,1.1,0.4,0.6,0.9,1,346.5,0.2459016393442623
1008,42.1,33.3,77.6,3.9,0.9,0.4,0.3,1.0,1,483.8,0.33333333333333337
1009,38.4,19.2,64.3,3.1,0.9,0.3,0.4,0.7,0,258.4,0.2331288343558282
1010,50.1,0.0,65.6,3.8,0.3,0.2,0.7,1.0,1,482.40000000000003,0.41875
1011,36.7,25.9,78.3,1.4,3.0,0.9,0.0,1.5,0,190.79999999999998,0.33974358974358976
1012,45.3,36.4,63.9,1.3,2.0,0.9,0.1,0.8,1,230.4,0.2384105960264901
1013,38.7,0.0,70.7,3.5,0.8,0.3,0.5,0.8,1,256.5,0.3146853146853147
1014,34.1,28.4,67.1,1.1,1.5,0.6,0.1,1.0,0,322.40000000000003,0.3687943262411348
1015,35.0,24.5,72.7,1.4,1.1,0.3,0.1,0.7,0,84.0,0.21238938053097342
1016,53.6,0.0,55.4,3.9,0.1,0.4,0.7,0.6,1,202.1,0.3282442748091603
1017,42.6,33.3,75.0,1.1,1.8,0.5,0.1,1.0,0,124.0,0.3069306930693069
1018,45.6,0.0,58.5,1.8,0.1,0.1,0.8,0.3,1,190.8,0.3711340206185567
1019,34.4,0.0,73.3,2.0,0.4,0.3,0.6,0.6,1,108.0,0.20930232558139536
1020,51.7,0.0,73.7,2.0,0.1,0.1,0.1,0.6,0,164.3,0.3647058823529412
1021,42.9,0.0,50.0,1.6,0.5,0.3,0.1,0.4,1,172.8,0.4
1022,38.2,38.5,92.3,0.5,1.2,0.2,0.0,0.5,0,79.8,0.5135135135135135
1023,44.9,0.0,66.7,1.7,0.3,0.2,0.1,0.4,1,114.8,0.48275862068965514
1024,31.8,29.4,50.0,0.5,0.2,0.2,0.0,0.2,0,63.0,0.32142857142857145
1025,57.1,0.0,54.5,3.1,0.3,0.1,0.8,0.4,0,183.3,0.43119266055045874
1026,44.5,9.1,63.0,7.4,1.9,1.1,1.7,2.0,1,816.0,0.3592814371257485
1027,46.7,21.7,80.2,7.5,1.2,0.7,0.6,1.9,1,633.5999999999999,0.4489795918367347
1028,43.6,40.7,71.1,4.0,1.7,0.6,0.2,1.2,1,975.8000000000001,0.40893470790378006
1029,50.5,5.3,52.1,5.9,1.2,0.6,1.5,1.8,1,761.4,0.3574144486692015
1030,43.1,38.2,71.7,3.2,1.3,0.8,0.3,1.0,1,744.0,0.4115044247787611
1031,38.9,0.0,66.7,3.7,1.2,0.9,0.1,1.2,0,438.59999999999997,0.3822222222222222
1032,43.0,25.6,72.7,4.3,1.1,0.4,0.3,1.7,1,684.0,0.4337899543378996
1033,42.5,33.5,71.9,2.7,1.8,1.1,0.2,1.7,1,631.4,0.3796296296296296
1034,41.7,37.0,82.0,2.2,1.0,0.7,0.1,1.1,0,617.5,0.4460093896713615
1035,44.2,0.0,79.4,4.7,0.3,0.3,0.9,1.4,1,448.4,0.3838383838383838
1036,42.7,31.6,63.3,2.1,0.2,0.3,0.1,0.5,0,233.10000000000002,0.3457943925233645
1037,43.1,26.9,73.6,3.2,0.8,0.5,0.3,0.7,1,460.20000000000005,0.3025641025641026
1038,37.0,33.3,77.8,1.6,2.9,1.0,0.0,1.1,0,315.0,0.33689839572192515
1039,44.2,33.1,62.7,3.4,0.8,0.6,0.1,0.8,1,615.6,0.45251396648044695
1040,50.5,0.0,69.7,3.6,0.5,0.6,1.2,1.0,1,249.6,0.22674418604651164
1041,35.2,35.0,79.4,1.5,2.3,0.7,0.2,1.4,1,280.59999999999997,0.26744186046511625
1042,37.4,32.3,73.6,2.3,0.8,0.6,0.4,1.2,1,397.79999999999995,0.30357142857142855
1043,45.1,0.0,60.3,3.6,0.4,0.8,1.0,0.8,1,392.0,0.2987804878048781
1044,40.9,35.0,69.8,1.2,2.3,0.5,0.1,1.2,1,448.40000000000003,0.3619631901840491
1045,40.0,29.4,70.8,1.7,2.7,0.6,0.0,1.8,1,421.20000000000005,0.33128834355828224
1046,41.4,39.6,90.3,1.2,1.3,0.4,0.0,0.6,0,265.0,0.3105590062111801
1047,48.5,0.0,74.4,2.2,0.6,0.2,0.1,0.6,1,163.79999999999998,0.34821428571428575
1048,42.1,34.5,68.6,0.8,1.0,0.3,0.0,0.7,1,250.0,0.45454545454545453
1049,50.5,16.7,72.4,1.4,0.7,0.5,0.1,0.8,0,264.0,0.4444444444444444
1050,47.8,0.0,68.9,1.9,0.2,0.3,0.4,0.9,0,167.4,0.28703703703703703
1051,41.3,28.3,76.7,2.2,3.0,0.7,0.5,2.2,0,167.5,0.29646017699115046
1052,39.7,38.0,72.5,1.2,0.7,0.2,0.0,0.5,0,152.0,0.39603960396039606
1053,48.7,100.0,70.3,2.2,0.3,0.1,0.1,0.4,1,140.0,0.2173913043478261
1054,34.1,8.3,68.4,0.7,0.5,0.3,0.1,0.7,1,88.0,0.30136986301369867
1055,48.2,0.0,68.5,10.0,1.9,0.8,1.6,2.8,1,1628.1000000000001,0.5432432432432432
1056,43.8,36.0,71.9,7.8,4.2,1.2,1.3,3.4,1,1261.6000000000001,0.4560439560439561
1057,44.5,34.5,78.6,5.3,6.6,1.5,0.4,4.0,1,1386.0,0.4986149584487534
1058,40.7,31.4,67.4,4.3,2.8,1.6,0.5,2.3,1,864.0,0.3858520900321543
1059,51.1,35.9,82.6,3.7,2.8,0.8,0.3,1.1,0,846.8,0.39057239057239057
1060,42.4,28.1,75.3,5.2,2.5,1.6,0.2,1.3,1,482.40000000000003,0.25
1061,44.9,20.4,77.4,3.4,5.8,1.0,0.2,2.0,1,910.1999999999999,0.43529411764705883
1062,42.9,37.3,80.0,3.9,1.8,1.2,0.4,1.2,1,664.1999999999999,0.32411067193675885
1063,39.9,26.2,66.0,6.1,1.6,0.8,0.3,1.6,1,597.6,0.332
1064,47.1,18.2,84.7,6.5,1.4,0.8,1.0,1.0,1,520.1999999999999,0.4129554655870445
1065,40.5,32.5,75.1,2.5,3.3,1.2,0.2,1.8,0,705.0,0.39330543933054396
1066,39.5,13.0,75.0,2.5,4.8,1.2,0.1,2.2,1,497.7,0.2680851063829787
1067,41.5,29.3,80.7,2.0,4.3,1.1,0.1,1.9,1,656.1,0.34763948497854075
1068,42.4,35.0,72.9,1.5,3.7,0.6,0.0,1.7,1,779.0,0.4797979797979798
1069,42.0,36.4,77.4,1.8,1.5,0.4,0.1,1.2,1,639.0,0.46632124352331605
1070,47.6,38.5,68.3,3.6,1.1,0.8,0.4,0.8,1,273.6,0.296875
1071,39.9,35.2,80.8,4.2,3.3,1.2,0.3,1.4,0,531.0,0.3641975308641976
1072,42.0,22.5,63.4,2.0,3.8,1.2,0.2,1.7,1,483.8,0.3172043010752688
1073,47.8,18.2,75.1,3.9,0.8,0.3,0.3,1.8,1,646.8000000000001,0.47191011235955055
1074,54.9,0.0,73.4,2.7,0.5,0.7,0.4,0.6,1,469.0,0.4216867469879518
1075,42.0,0.0,48.9,3.5,0.6,0.4,0.4,0.8,1,156.20000000000002,0.16058394160583944
1076,36.3,35.8,67.5,1.2,2.5,0.3,0.0,0.9,0,139.5,0.23308270676691728
1077,37.2,36.5,73.1,1.5,0.5,0.3,0.2,0.6,0,281.2,0.3140495867768595
1078,39.3,11.1,71.7,2.2,0.4,0.8,0.3,0.3,1,130.0,0.22123893805309733
1079,42.6,0.0,63.2,1.8,0.3,0.3,0.2,0.5,0,124.2,0.29347826086956524
1080,31.4,29.5,70.4,1.9,0.5,0.3,0.2,0.5,1,122.2,0.28260869565217395
1081,46.2,0.0,60.9,8.1,1.7,1.8,1.9,1.9,0,742.5,0.32142857142857145
1082,39.8,0.0,46.3,2.0,0.2,0.1,0.9,0.3,0,88.0,0.24719101123595508
1083,30.9,28.6,66.7,0.7,1.5,0.2,0.0,0.7,0,153.4,0.3170731707317074
1084,43.9,0.0,59.5,1.0,0.9,0.4,0.0,0.8,1,106.0,0.27027027027027023
1085,38.9,34.0,65.9,1.5,0.2,0.2,0.1,0.4,1,156.8,0.4571428571428572
1086,40.6,0.0,66.7,1.5,0.0,0.2,0.1,0.5,0,33.0,0.25
1087,37.4,31.0,75.2,3.1,6.0,1.9,0.0,2.9,1,640.0,0.3545706371191136
1088,45.0,28.8,76.1,5.7,3.0,1.1,1.5,2.2,1,915.0,0.5198863636363636
1089,43.0,20.3,75.1,2.7,6.5,1.6,0.1,2.9,1,660.0,0.37499999999999994
1090,43.9,41.2,71.3,6.4,2.4,1.7,1.0,2.4,1,792.0,0.4852941176470588
1091,42.5,26.2,55.1,4.3,6.5,1.7,0.2,2.5,0,729.8000000000001,0.2927631578947369
1092,46.5,43.3,63.9,1.7,1.9,0.5,0.2,1.3,1,545.0,0.3493589743589744
1093,50.0,0.0,71.7,10.3,0.9,0.9,0.6,1.2,1,176.4,0.20723684210526316
1094,35.7,35.7,50.7,5.2,0.6,0.4,0.3,0.8,1,151.70000000000002,0.24342105263157898
1095,42.5,35.8,81.8,2.3,2.5,0.9,0.5,1.6,1,485.1,0.33333333333333337
1096,44.9,36.5,78.2,3.5,1.6,1.5,0.4,1.1,0,505.0,0.39147286821705424
1097,45.2,30.0,58.8,6.4,0.7,0.8,0.3,1.4,1,451.2,0.42666666666666664
1098,46.3,40.0,71.3,4.3,0.9,0.6,0.1,1.5,1,409.99999999999994,0.3677130044843049
1099,49.0,25.0,69.7,5.5,1.7,1.2,0.2,1.9,0,307.5,0.4169491525423729
1100,41.1,15.4,70.9,3.8,1.5,0.9,0.3,1.4,1,455.0,0.45959595959595956
1101,53.7,0.0,53.8,3.7,0.8,0.9,0.9,0.9,1,259.7,0.33125
1102,46.8,0.0,67.5,3.0,0.4,0.4,0.3,0.5,1,303.8,0.389937106918239
1103,32.9,16.7,75.0,1.2,1.6,0.5,0.2,1.1,0,172.2,0.2751677852348993
1104,45.0,0.0,56.8,3.4,0.4,0.4,1.1,0.8,1,92.39999999999999,0.22602739726027396
1105,36.1,40.3,82.4,1.8,1.8,0.5,0.0,0.7,1,124.80000000000001,0.36363636363636365
1106,50.0,38.9,71.4,1.9,0.5,0.2,0.1,0.5,1,218.39999999999998,0.40579710144927533
1107,36.7,33.5,64.6,3.3,3.1,1.5,0.3,1.3,0,522.6,0.28888888888888886
1108,36.4,32.7,100.0,0.9,1.5,0.3,0.1,0.9,1,119.0,0.2692307692307692
1109,73.7,0.0,50.0,3.0,0.2,0.4,0.8,0.4,1,132.6,0.4015748031496063
1110,56.5,50.0,79.4,3.1,0.6,0.2,0.5,0.8,1,239.4,0.5121951219512195
1111,40.5,16.7,76.3,1.8,1.3,0.7,0.1,1.2,1,207.0,0.37190082644628103
1112,36.5,40.0,55.6,1.6,0.7,0.3,0.1,0.6,0,96.0,0.29090909090909095
1113,37.6,21.4,67.5,1.3,0.3,0.3,0.3,0.7,0,117.8,0.3689320388349514
1114,38.0,10.0,82.2,1.5,0.4,0.1,0.0,0.7,0,163.2,0.47058823529411764
1115,38.0,16.7,66.7,0.8,1.5,0.3,0.0,0.9,1,66.0,0.3
1116,39.5,20.0,69.2,2.0,0.5,0.3,0.1,0.4,0,78.3,0.31521739130434784
1117,29.4,26.1,75.0,0.9,0.8,0.2,0.0,0.5,0,50.400000000000006,0.24705882352941178
1118,44.8,31.4,82.9,3.2,3.5,0.9,0.2,1.6,0,702.1,0.47600000000000003
1119,44.3,0.0,77.8,1.9,0.4,0.5,0.2,0.6,0,115.5,0.4074074074074074
1120,37.1,30.0,78.6,0.7,0.9,0.1,0.0,0.7,0,79.2,0.3333333333333333
1121,41.2,16.7,71.0,1.3,0.1,0.2,0.1,0.5,1,64.80000000000001,0.45
1122,35.7,0.0,57.1,1.4,0.1,0.2,0.1,0.5,1,41.6,0.3404255319148936
1123,42.6,30.8,84.6,6.6,1.7,1.0,0.4,2.6,1,1221.3999999999999,0.5253333333333333
1124,45.0,10.7,83.9,3.5,2.2,1.6,0.2,1.6,1,1224.0,0.45945945945945954
1125,44.1,0.0,80.1,3.2,8.2,2.5,0.2,2.4,1,720.0,0.2903225806451613
1126,48.0,0.0,71.6,4.0,2.0,1.2,0.6,2.0,1,828.1999999999999,0.3279220779220779
1127,48.0,0.0,71.6,4.0,2.0,1.2,0.6,2.0,0,828.1999999999999,0.3279220779220779
1128,39.2,25.9,81.4,4.4,4.7,1.5,0.2,2.7,1,788.8,0.38666666666666666
1129,42.2,34.1,84.2,2.8,3.6,0.7,0.1,2.5,0,777.6999999999999,0.4089068825910931
1130,37.1,32.8,72.7,2.2,4.3,0.8,0.1,1.6,1,577.5,0.25510204081632654
1131,40.8,20.2,87.3,2.8,3.4,1.3,0.2,1.9,1,772.1999999999999,0.41935483870967744
1132,37.4,32.9,85.0,2.4,3.9,1.3,0.1,2.2,1,896.0,0.4043321299638989
1133,41.6,21.2,65.9,1.9,4.5,0.7,0.1,2.2,1,577.1999999999999,0.29545454545454547
1134,40.4,32.1,78.3,1.9,1.2,0.8,0.4,1.1,0,508.2,0.33047210300429186
1135,44.6,21.4,70.2,5.4,0.9,0.8,1.1,1.5,1,546.0,0.3620689655172414
1136,44.7,36.3,74.0,3.7,1.2,0.7,0.2,1.5,1,847.0,0.47619047619047616
1137,45.2,33.3,77.6,5.6,1.0,0.6,0.4,2.0,1,816.0,0.4513274336283185
1138,47.6,0.0,70.9,4.2,0.7,0.5,0.6,1.5,1,816.5,0.539906103286385
1139,49.0,14.3,67.9,4.5,1.2,0.4,0.3,1.2,1,494.0,0.4523809523809524
1140,44.3,32.1,72.2,1.5,1.9,0.7,0.1,1.1,1,324.0,0.30303030303030304
1141,36.7,25.0,61.7,1.2,1.9,1.1,0.2,1.7,0,336.4,0.31521739130434784
1142,45.0,34.1,71.2,4.2,1.5,0.8,0.9,1.0,1,448.0,0.3804347826086957
1143,34.8,36.1,67.7,1.5,2.6,0.7,0.1,1.4,1,163.4,0.2621951219512195
1144,40.7,37.7,62.1,2.4,0.9,0.5,0.2,1.3,0,243.20000000000002,0.460431654676259
1145,42.8,0.0,68.8,3.4,0.3,0.4,1.3,0.6,1,281.2,0.27941176470588236
1146,43.9,39.8,57.1,3.6,1.3,0.6,0.5,1.1,0,217.60000000000002,0.3033175355450237
1147,41.4,11.1,65.2,5.1,0.9,0.6,0.3,1.4,0,214.4,0.29004329004329005
1148,44.9,0.0,59.7,2.9,0.3,0.2,1.4,0.7,0,232.0,0.3125
1149,37.8,0.0,70.0,1.1,1.9,0.4,0.0,1.3,1,122.5,0.2845528455284553
1150,41.4,16.7,72.1,1.7,0.9,0.4,0.1,0.8,0,128.7,0.32673267326732675
1151,48.7,0.0,75.9,2.0,0.3,0.4,0.2,0.8,1,151.2,0.2828282828282828
1152,47.1,0.0,52.2,2.4,0.5,0.5,0.1,0.8,0,136.5,0.3723404255319149
1153,36.1,37.5,70.6,0.8,1.9,0.2,0.0,1.2,1,139.5,0.3333333333333333
1154,32.9,28.6,42.9,0.6,1.2,0.6,0.1,0.7,0,53.199999999999996,0.1818181818181818
1155,41.8,33.3,83.8,1.0,0.2,0.3,0.2,0.5,1,152.0,0.5937499999999999
1156,39.7,32.1,65.0,0.7,0.5,0.3,0.1,0.3,1,70.3,0.3584905660377358
1157,41.6,34.1,70.2,4.1,7.5,2.1,0.3,4.4,1,1786.0,0.5860349127182045
1158,42.6,37.7,77.1,3.9,3.0,1.9,0.4,1.6,1,1344.8,0.4468664850136239
1159,42.5,32.7,63.1,9.0,3.2,1.3,0.7,2.8,1,1435.0,0.48342541436464087
1160,45.3,25.9,74.6,6.9,2.2,1.0,1.0,2.8,1,1496.0,0.5342857142857143
1161,40.8,35.4,72.7,2.7,7.8,1.0,0.3,3.1,1,1058.6000000000001,0.4553314121037464
1162,43.0,39.3,82.3,4.0,2.6,0.9,0.1,1.8,1,1098.8,0.4336569579288026
1163,48.2,14.3,69.3,6.3,1.5,1.1,2.1,2.1,1,932.4000000000001,0.49169435215946844
1164,44.1,40.4,76.3,2.0,3.7,1.0,0.0,1.5,1,770.8000000000001,0.3230240549828179
1165,48.1,25.0,58.7,6.1,0.6,0.6,0.8,1.0,1,562.1,0.29083665338645415
1166,39.6,28.7,75.2,3.2,1.2,0.7,1.1,1.7,0,489.8,0.3623853211009174
1167,57.3,0.0,69.6,7.3,0.6,0.6,1.4,0.5,1,544.0,0.32653061224489793
1168,37.9,38.2,61.5,1.7,1.6,0.7,0.2,0.8,0,188.6,0.2771084337349397
1169,46.2,51.1,68.7,2.8,0.8,0.4,0.1,1.1,1,383.5,0.35975609756097565
1170,50.9,0.0,62.0,4.5,0.5,0.4,0.8,0.7,1,340.8,0.29447852760736193
1171,41.7,37.5,81.9,1.9,1.3,0.7,0.3,1.6,1,539.6,0.49032258064516127
1172,43.7,40.9,64.6,1.5,2.4,0.6,0.2,1.6,1,249.6,0.2549019607843137
1173,54.9,0.0,60.5,3.5,0.3,0.2,0.4,1.0,1,273.59999999999997,0.31788079470198677
1174,39.0,100.0,63.7,4.1,0.6,0.3,1.0,1.2,1,367.2,0.3493150684931507
1175,41.4,36.5,76.3,2.3,1.7,0.6,0.2,0.9,0,434.99999999999994,0.40845070422535207
1176,46.5,46.4,82.4,1.6,1.6,0.6,0.1,1.1,1,329.40000000000003,0.3802816901408451
1177,44.4,0.0,64.9,3.4,0.4,0.3,0.5,0.9,1,215.0,0.35714285714285715
1178,42.9,0.0,69.1,3.3,0.3,0.1,0.3,0.7,1,307.5,0.3228346456692913
1179,51.7,50.0,71.8,2.3,0.5,0.3,0.4,1.1,1,326.4,0.41379310344827586
1180,39.7,30.1,65.8,1.2,1.5,0.5,0.1,0.9,1,312.0,0.3391304347826087
1181,41.7,20.0,56.5,2.9,0.3,0.3,0.3,0.4,0,176.70000000000002,0.2980769230769231
1182,45.1,0.0,60.3,2.8,0.2,0.0,0.6,0.6,1,184.49999999999997,0.4019607843137255
1183,47.7,0.0,61.3,3.0,0.6,0.5,0.3,0.8,1,162.0,0.30927835051546393
1184,44.6,0.0,73.8,2.4,0.2,0.2,0.5,0.6,0,154.0,0.23157894736842108
1185,35.2,31.4,59.1,3.0,1.2,0.6,1.1,1.3,0,409.5,0.2971698113207547
1186,53.2,0.0,48.6,1.6,0.4,0.3,0.2,0.6,1,82.8,0.2613636363636363
1187,52.6,0.0,55.2,1.7,0.2,0.1,0.1,0.4,0,77.0,0.28571428571428575
1188,38.2,28.6,57.1,0.7,0.4,0.2,0.3,0.5,1,63.0,0.32727272727272727
1189,55.1,0.0,56.5,1.2,0.3,0.0,0.3,1.1,0,112.0,0.627450980392157
1190,42.6,39.5,79.7,4.0,9.3,1.4,0.3,3.8,1,1330.0,0.4645476772616137
1191,47.6,32.8,74.9,4.6,3.5,1.0,0.4,1.6,1,1230.0,0.3826530612244898
1192,41.4,31.8,74.7,3.7,3.9,1.1,1.1,3.5,1,1382.3999999999999,0.512
1193,45.8,35.7,77.3,8.7,1.0,1.0,1.6,1.7,1,1254.6000000000001,0.44476744186046513
1194,45.7,0.0,73.2,7.4,1.4,0.6,0.7,2.0,1,1024.1000000000001,0.41692789968652044
1195,41.2,36.8,78.2,2.5,6.1,1.1,0.0,2.4,0,864.0,0.34838709677419355
1196,48.5,0.0,68.3,7.5,1.0,0.7,1.5,2.0,1,1018.4,0.44666666666666666
1197,49.1,28.6,70.5,6.3,1.8,1.1,1.6,1.4,1,832.0,0.3623693379790941
1198,48.7,32.9,65.0,4.7,1.3,0.7,0.8,1.6,1,656.5,0.36727272727272725
1199,47.4,41.6,81.0,2.1,2.9,1.2,0.3,1.5,1,797.9,0.42083333333333334
1200,44.1,30.0,67.1,3.4,1.1,0.9,0.2,1.4,1,684.8,0.4652173913043478
1201,50.1,0.0,66.3,5.9,0.6,0.6,0.5,1.3,1,666.0,0.4017857142857143
1202,48.0,0.0,65.1,5.6,0.6,0.4,0.2,1.1,0,340.2,0.3088235294117647
1203,44.2,0.0,59.5,4.5,0.6,0.6,0.5,1.1,1,505.6,0.35754189944134085
1204,51.3,0.0,55.3,3.4,0.7,0.4,0.2,1.3,1,517.5,0.42372881355932207
1205,43.9,27.3,68.6,4.4,0.8,0.3,0.4,0.9,0,360.0,0.28409090909090906
1206,55.7,0.0,70.8,4.0,0.2,0.2,1.6,0.8,1,337.5,0.25862068965517243
1207,40.2,39.8,76.7,1.0,2.7,0.4,0.0,1.5,1,231.0,0.3716216216216216
1208,41.1,34.6,70.2,1.7,2.9,0.7,0.3,1.5,1,418.7,0.363013698630137
1209,56.7,0.0,66.2,2.9,0.2,0.7,0.6,0.6,1,262.2,0.2638888888888889
1210,43.1,14.7,70.1,1.8,1.4,0.3,0.2,1.0,0,279.0,0.32142857142857145
1211,38.7,34.4,83.3,1.2,1.1,0.5,0.1,0.7,0,303.8,0.3602941176470589
1212,38.2,36.4,78.6,2.2,2.5,0.8,0.1,1.6,0,260.09999999999997,0.25757575757575757
1213,40.9,26.9,66.1,3.4,0.5,0.4,0.5,0.5,1,249.6,0.2867647058823529
1214,45.3,32.7,65.3,1.4,1.1,0.7,0.2,1.0,0,290.4,0.5076923076923077
1215,47.3,0.0,66.7,3.1,0.1,0.1,1.1,0.4,1,205.20000000000002,0.3103448275862069
1216,46.6,0.0,56.0,2.2,0.4,0.2,0.2,1.4,1,296.79999999999995,0.4869565217391304
1217,33.0,31.0,67.4,1.2,1.5,0.4,0.1,1.2,0,104.39999999999999,0.2566371681415929
1218,41.5,26.2,81.7,1.7,0.7,0.2,0.1,0.7,1,240.0,0.4081632653061224
1219,42.3,32.0,83.3,0.7,1.6,0.3,0.1,1.1,1,218.3,0.3814432989690722
1220,43.8,0.0,58.8,1.9,0.4,0.2,0.1,0.8,1,182.4,0.33333333333333337
1221,34.0,31.1,67.4,3.2,1.2,1.2,0.3,1.4,0,249.1,0.26903553299492383
1222,42.0,20.0,59.2,1.0,1.7,0.7,0.0,0.9,1,116.10000000000001,0.30000000000000004
1223,34.3,30.3,72.2,0.6,1.2,0.5,0.1,0.8,0,106.60000000000001,0.2954545454545454
1224,37.6,0.0,65.6,1.8,0.2,0.3,0.2,0.7,0,189.1,0.3827160493827161
1225,35.6,22.2,75.0,1.6,0.3,0.2,0.2,0.3,0,88.2,0.2368421052631579
1226,45.0,0.0,56.1,1.5,0.2,0.3,0.1,0.5,0,132.5,0.35714285714285715
1227,39.0,0.0,62.5,0.8,0.1,0.1,0.1,0.1,0,36.300000000000004,0.23913043478260873
1228,47.7,14.8,73.2,6.4,5.0,1.8,0.9,2.9,1,1393.0,0.5195822454308094
1229,45.1,32.1,79.6,6.4,2.5,1.4,0.3,3.9,0,1752.0,0.5918918918918918
1230,45.1,32.1,79.6,6.4,2.5,1.4,0.3,3.9,1,1752.0,0.5918918918918918
1231,48.9,0.0,66.4,8.4,2.5,0.8,0.2,2.5,1,1105.0,0.4709141274238227
1232,57.5,0.0,55.1,5.8,0.7,0.3,0.4,0.8,0,378.0,0.3157894736842105
1233,38.5,27.2,69.8,5.4,7.7,1.9,0.3,3.2,1,924.3,0.34615384615384615
1234,40.2,29.8,75.4,4.4,1.6,0.9,0.7,2.0,1,1142.1,0.4462025316455696
1235,46.0,37.0,72.2,3.9,2.0,2.0,0.6,1.2,1,896.0,0.45161290322580644
1236,53.4,0.0,63.5,7.3,0.5,0.4,0.8,1.4,1,780.0,0.3367003367003367
1237,39.4,28.4,66.2,5.6,1.5,0.6,1.2,1.6,1,907.1999999999999,0.43448275862068964
1238,51.1,25.0,63.6,7.5,1.2,0.6,1.4,2.0,1,1056.0,0.4615384615384615
1239,46.5,0.0,64.5,6.0,0.6,0.5,1.3,1.9,0,900.6,0.4401544401544402
1240,48.4,43.6,79.2,2.6,1.3,0.6,0.3,1.0,1,811.2,0.4502164502164502
1241,48.5,28.6,44.7,7.4,0.7,0.5,0.6,1.4,0,448.8,0.30088495575221236
1242,45.4,31.6,73.9,2.7,4.8,0.8,0.3,2.0,1,664.1999999999999,0.36936936936936937
1243,41.9,37.5,68.1,2.5,1.3,1.0,0.3,0.9,0,188.8,0.31382978723404253
1244,44.3,39.2,71.4,2.8,4.3,1.1,0.1,2.0,1,616.4,0.4220183486238532
1245,38.0,32.8,75.3,1.3,4.1,0.8,0.1,1.4,1,307.4,0.30051813471502586
1246,44.4,39.3,68.5,2.9,2.0,0.8,0.4,0.9,1,292.5,0.3532608695652174
1247,47.5,21.4,64.8,1.9,2.7,0.8,0.0,1.5,0,273.8,0.40659340659340665
1248,46.5,0.0,49.2,3.4,0.5,0.6,0.6,0.8,0,300.8,0.2919254658385093
1249,45.7,0.0,61.4,2.7,1.1,0.7,0.2,0.9,0,241.79999999999998,0.24683544303797467
1250,51.5,16.7,83.3,2.2,1.0,0.5,0.3,0.7,1,378.0,0.4
1251,44.1,37.4,78.3,1.6,1.0,0.5,0.2,0.8,1,567.0,0.4697986577181208
1252,38.1,31.4,70.0,1.1,3.2,0.7,0.0,1.8,0,192.5,0.2380952380952381
1253,59.1,100.0,48.9,3.3,0.5,0.2,0.6,0.5,0,179.4,0.3046875
1254,45.1,0.0,44.7,2.4,1.2,0.5,0.1,1.0,1,135.29999999999998,0.26829268292682923
1255,53.0,40.0,61.8,3.3,0.8,0.4,0.1,0.8,1,188.6,0.3565217391304348
1256,32.8,24.3,77.5,1.0,1.9,0.4,0.1,1.0,1,117.6,0.21238938053097342
1257,43.3,0.0,75.0,2.3,0.5,0.4,0.4,0.5,1,143.10000000000002,0.2410714285714286
1258,50.0,26.3,67.9,1.2,1.0,0.6,0.2,0.8,0,198.0,0.29464285714285715
1259,38.4,30.1,64.9,1.1,1.0,0.2,0.1,0.9,0,266.79999999999995,0.43396226415094336
1260,42.4,0.0,69.4,2.6,0.6,0.2,0.1,0.8,1,206.5,0.35353535353535354
1261,47.9,0.0,68.3,1.9,0.2,0.2,1.1,0.3,1,93.5,0.1752577319587629
1262,38.8,36.0,68.2,1.4,0.4,0.3,0.4,0.7,0,168.1,0.4270833333333333
1263,56.2,33.3,41.0,1.2,0.7,0.4,0.1,0.7,0,151.79999999999998,0.358695652173913
1264,37.2,24.0,65.3,0.8,0.4,0.3,0.1,0.4,0,126.0,0.3703703703703704
1265,42.6,38.4,71.1,0.5,1.0,0.3,0.0,1.0,0,235.2,0.7384615384615384
1266,39.5,31.0,66.7,0.6,1.1,0.3,0.1,0.7,0,117.8,0.47692307692307695
1267,46.6,26.7,74.2,5.4,6.6,2.3,0.6,3.6,1,1312.0,0.4347826086956522
1268,40.6,28.4,69.9,4.5,3.4,1.1,0.2,3.1,1,1516.8,0.5231607629427792
1269,39.4,33.8,78.1,2.9,5.8,1.1,0.1,1.8,1,1101.6,0.4084084084084084
1270,55.2,0.0,53.2,9.1,3.6,1.2,2.2,2.7,1,1330.0,0.5451713395638629
1271,44.7,27.1,72.1,3.6,0.7,0.5,0.5,0.8,0,244.4,0.3058823529411765
1272,50.1,20.0,56.9,7.6,2.0,0.7,1.4,2.0,1,1107.0,0.4326923076923077
1273,46.8,36.0,81.1,4.0,2.6,0.7,0.3,2.8,1,1311.4,0.542483660130719
1274,37.5,33.3,73.2,2.3,4.8,1.5,0.1,2.2,1,844.6,0.3886792452830189
1275,41.9,31.1,77.8,5.1,1.6,0.7,0.6,1.1,1,742.6,0.3671875
1276,50.8,0.0,59.6,5.8,1.4,1.4,0.4,1.2,1,681.6,0.3870967741935484
1277,41.5,16.7,75.7,6.2,1.2,0.9,1.2,0.9,1,450.3,0.23076923076923078
1278,47.0,4.3,77.0,2.9,1.9,1.0,0.1,1.7,1,780.0,0.4858299595141701
1279,58.7,0.0,59.2,5.7,1.0,1.0,1.0,0.8,1,255.3,0.2936170212765958
1280,47.9,0.0,72.9,7.5,1.2,0.8,0.4,1.2,1,469.8,0.2648401826484018
1281,50.8,0.0,64.2,6.2,0.7,0.6,1.0,1.3,1,623.7,0.3598130841121496
1282,40.5,29.9,82.4,1.5,1.3,0.4,0.2,1.3,1,671.5,0.44270833333333337
1283,54.5,0.0,71.1,3.1,0.6,1.5,0.0,0.9,0,426.29999999999995,0.46276595744680843
1284,43.9,38.0,67.2,2.9,1.3,0.8,0.6,1.7,1,639.9,0.45505617977528084
1285,49.5,0.0,57.8,3.0,1.0,0.7,0.3,1.2,1,517.5,0.39204545454545453
1286,41.8,29.5,84.1,2.0,2.9,0.9,0.1,1.4,1,442.2,0.3941176470588235
1287,48.4,9.1,61.4,2.7,0.8,1.0,0.3,0.8,1,335.0,0.29940119760479045
1288,47.6,0.0,60.0,3.5,0.7,0.6,0.1,0.8,0,96.60000000000001,0.2625
1289,36.2,26.6,82.5,2.3,0.8,0.7,0.3,0.6,0,216.2,0.2771084337349397
1290,40.6,0.0,67.5,3.3,0.2,0.3,0.7,1.0,0,407.0,0.3548387096774194
1291,42.1,21.2,73.1,2.0,1.4,0.6,0.1,1.0,1,415.8,0.35761589403973515
1292,41.9,33.3,65.7,2.6,1.2,0.7,0.3,0.9,1,244.79999999999998,0.32
1293,59.2,0.0,54.7,3.4,0.3,0.3,0.3,0.7,0,244.8,0.27692307692307694
1294,40.0,8.0,83.6,1.2,0.9,0.9,0.1,0.9,1,336.0,0.3779527559055118
1295,53.9,0.0,54.5,3.1,0.4,0.3,0.5,0.6,0,176.0,0.2644628099173554
1296,37.7,40.4,75.3,1.1,1.2,0.4,0.1,0.9,1,339.2,0.4453781512605042
1297,36.5,31.5,67.2,1.3,1.2,0.5,0.3,0.9,1,278.4,0.41379310344827586
1298,43.7,0.0,61.3,2.9,0.8,0.3,0.5,0.8,1,201.0,0.2912621359223301
1299,35.5,26.2,75.0,2.5,0.9,0.6,0.3,1.0,0,210.60000000000002,0.3253012048192771
1300,36.8,23.4,83.0,0.7,2.1,0.6,0.1,0.9,1,186.0,0.34444444444444444
1301,30.5,33.3,80.0,0.7,1.3,0.3,0.0,0.9,1,72.0,0.21176470588235294
1302,52.2,50.0,82.4,0.8,1.5,0.3,0.1,0.6,1,163.2,0.425
1303,31.8,20.8,44.4,0.9,0.4,0.4,0.3,0.5,0,72.2,0.2533333333333333
1304,40.4,27.9,75.9,1.7,0.5,0.3,0.1,0.6,0,159.0,0.41666666666666663
1305,41.5,0.0,63.0,2.6,0.2,0.2,0.5,0.5,1,117.0,0.41935483870967744
1306,31.7,33.3,73.5,0.8,0.3,0.2,0.1,0.3,0,129.2,0.34545454545454546
1307,48.6,0.0,54.1,1.3,0.2,0.1,0.2,0.3,1,89.3,0.40425531914893614
1308,56.2,0.0,59.2,13.9,1.9,0.7,3.5,3.8,1,1895.3999999999999,0.6174142480211081
1309,46.4,36.9,74.6,3.5,3.8,1.6,0.7,2.6,1,1185.8,0.43258426966292135
1310,47.4,10.0,83.5,8.7,2.8,1.3,1.0,3.4,1,1474.2,0.5214899713467048
1311,42.6,28.1,64.4,9.6,3.8,1.6,0.4,2.8,1,1190.7,0.4260869565217391
1312,51.1,0.0,78.1,10.3,1.0,0.3,3.5,3.0,1,1638.0,0.6194690265486726
1313,50.4,15.4,74.8,9.1,1.8,0.9,1.4,1.9,1,1205.3999999999999,0.4388059701492537
1314,46.9,25.0,71.3,7.2,1.8,1.0,0.8,2.1,1,1279.2,0.4814814814814815
1315,47.4,25.5,71.5,5.0,2.4,1.0,1.1,2.0,1,797.9,0.3423728813559322
1316,49.3,0.0,60.2,7.4,1.3,0.5,1.1,2.2,1,972.0,0.46551724137931033
1317,43.5,31.9,74.2,4.5,3.0,1.1,0.5,3.0,1,1003.0,0.5985915492957746
1318,43.3,0.0,65.1,6.2,1.1,0.7,0.9,1.7,1,803.6,0.3512544802867384
1319,52.4,33.3,70.7,4.6,1.3,1.8,0.8,1.9,0,758.4000000000001,0.5745454545454546
1320,43.2,29.3,71.7,4.1,1.6,1.1,0.7,1.7,1,979.8000000000001,0.5073529411764707
1321,44.6,0.0,83.2,3.2,1.3,0.6,0.1,1.1,1,347.1,0.4009009009009009
1322,47.1,23.1,72.8,2.4,3.5,0.7,0.1,1.6,1,364.5,0.36818181818181817
1323,46.8,39.0,78.6,2.3,2.2,0.8,0.2,1.6,1,800.8000000000001,0.48372093023255813
1324,40.2,16.7,77.2,2.6,1.6,1.0,0.2,1.5,0,592.0,0.3755868544600939
1325,44.8,0.0,75.9,4.1,1.2,0.8,0.3,1.3,0,188.0,0.44549763033175355
1326,44.3,33.3,72.7,2.8,1.9,0.5,0.4,1.3,1,700.6999999999999,0.44607843137254904
1327,47.5,0.0,71.0,4.9,2.1,0.7,1.8,1.9,1,313.59999999999997,0.2931937172774869
1328,47.5,33.3,76.2,2.0,1.0,0.5,0.1,1.3,0,751.9000000000001,0.544973544973545
1329,52.8,23.8,73.7,2.1,0.6,0.5,0.2,0.7,0,244.0,0.39610389610389607
1330,50.0,0.0,70.0,5.3,1.0,0.7,0.2,1.2,1,541.1999999999999,0.3492063492063492
1331,45.6,39.1,57.4,1.4,3.3,0.7,0.1,1.0,1,426.40000000000003,0.28415300546448086
1332,43.8,31.6,79.6,1.1,1.7,0.4,0.1,0.9,1,270.0,0.33128834355828224
1333,44.6,28.6,66.5,4.0,0.9,0.6,0.5,1.1,0,418.7,0.3291925465838509
1334,43.3,14.3,79.2,1.2,2.5,0.6,0.2,0.8,0,344.0,0.27215189873417717
1335,43.3,14.3,79.2,1.2,2.5,0.6,0.2,0.8,0,344.0,0.27215189873417717
1336,35.8,16.7,79.4,1.5,2.3,0.8,0.0,1.3,1,265.2,0.30952380952380953
1337,55.0,0.0,64.3,3.8,0.3,0.3,0.4,0.9,0,232.20000000000002,0.44628099173553726
1338,43.9,10.0,62.5,0.7,2.2,0.4,0.1,0.8,1,234.0,0.375
1339,36.9,33.3,67.3,0.9,1.4,0.7,0.1,0.9,1,206.8,0.3760683760683761
